"Code","Year","BFI_1","BFI_2","BFI_3","BFI_4","BFI_5","BFI_6","BFI_7","BFI_8","BFI_9","BFI_10","BFI_11","BFI_12","BFI_13","BFI_14","BFI_15","BFI_16","BFI_17","BFI_18","BFI_19","BFI_20","BFI_21","BFI_22","BFI_23","BFI_24","BFI_25","BFI_26","BFI_27","BFI_28","BFI_29","BFI_30","BFI_31","BFI_32","BFI_33","BFI_34","BFI_35","BFI_36","BFI_37","BFI_38","BFI_39","BFI_40","BFI_41","BFI_42","BFI_43","BFI_44","BFI_closeones_1","BFI_closeones_2","BFI_closeones_3","BFI_closeones_4","BFI_closeones_5","BFI_closeones_6","BFI_closeones_7","BFI_closeones_8","BFI_closeones_9","BFI_closeones_10","BFI_closeones_11","BFI_closeones_12","BFI_closeones_13","BFI_closeones_14","BFI_closeones_15","BFI_closeones_16","BFI_closeones_17","BFI_closeones_18","BFI_closeones_19","BFI_closeones_20","BFI_closeones_21","BFI_closeones_22","BFI_closeones_23","BFI_closeones_24","BFI_closeones_25","BFI_closeones_26","BFI_closeones_27","BFI_closeones_28","BFI_closeones_29","BFI_closeones_30","BFI_closeones_31","BFI_closeones_32","BFI_closeones_33","BFI_closeones_34","BFI_closeones_35","BFI_closeones_36","BFI_closeones_37","BFI_closeones_38","BFI_closeones_39","BFI_closeones_40","BFI_closeones_41","BFI_closeones_42","BFI_closeones_43","BFI_closeones_44","BFI_extraversion","BFI_agreeableness","BFI_conscientiousness","BFI_neuroticism","BFI_openness","BFI_closeones_extraversion","BFI_closeones_agreeableness","BFI_closeones_conscientiousness","BFI_closeones_neuroticism","BFI_closeones_openness","ZBFI_extraversion","ZBFI_agreeableness","ZBFI_conscientiousness","ZBFI_neuroticism","ZBFI_openness","ZBFI_closeones_extraversion","ZBFI_closeones_agreeableness","ZBFI_closeones_conscientiousness","ZBFI_closeones_neuroticism","ZBFI_closeones_openness","Western","YearNumber"
"ST03L","2019/20",4,3,5,2,4,2,4,3,3,5,3,2,3,3,4,3,2,3,3,3,2,4,3,2,4,4,1,4,2,3,2,5,4,4,3,5,2,3,2,4,3,3,4,2,5,1,4,3,4,2,4,3,2,5,3,2,5,3,5,4,4,4,3,5,3,3,3,4,4,4,3,4,3,3,2,4,4,3,3,4,1,4,3,5,2,3,2,2,31,34,30,21,35,31,35,33,24,40,0.714489880581338,0.102434631724543,-0.651876343786334,-0.62290067910882,-0.305684721024532,0.32425118443338,-0.103202375145249,-0.692399556016427,0.25402795504888,0.0535719936859882,1,1
"TR03L","2019/20",2,1,4,3,4,4,5,3,2,5,4,1,5,3,4,3,4,1,4,4,5,2,1,4,5,2,2,5,1,4,5,5,5,4,3,3,1,5,1,4,1,3,2,4,2,1,5,3,5,5,5,1,4,5,5,1,5,5,5,4,4,1,4,5,5,1,1,5,5,2,1,5,4,5,5,5,5,3,4,2,2,5,5,5,1,4,4,4,18,38,41,20,42,18,38,42,27,46,-1.51713111006557,0.871436649598665,1.41857594545252,-0.781835101648852,0.800371327215301,-1.90313337227091,0.425118040735928,0.981357637877433,0.739464937642291,1.12118529642822,1,1
"BM19L","2019/20",3,2,5,1,5,2,4,3,5,5,3,1,4,2,5,4,2,2,1,4,4,4,3,5,5,4,2,5,3,5,3,4,5,5,2,5,2,5,2,5,1,2,1,5,4,1,5,1,5,2,5,1,4,5,4,1,5,2,4,4,4,1,2,4,5,3,4,5,4,4,1,5,2,5,4,5,5,5,2,4,1,5,1,4,1,4,1,5,28,33,39,12,48,27,41,42,12,45,0.199500421201284,-0.0898158727439869,1.04213007468182,-2.05331048196911,1.74841936856373,-0.36109790993717,0.953438456617105,0.981357637877433,-1.68771997532476,0.943249745971182,1,1
"AS11I","2019/20",3,2,5,1,4,3,5,3,4,5,4,2,5,3,5,5,2,3,3,5,4,4,4,4,5,3,2,4,3,4,4,5,5,3,5,3,2,3,2,5,3,3,2,3,5,2,5,2,4,2,5,2,4,4,5,3,5,3,5,4,1,2,5,4,2,3,2,4,4,2,1,4,2,4,2,5,5,3,3,5,2,4,2,4,4,4,1,4,25,35,34,19,40,33,34,40,21,38,-0.315489038178771,0.294685136193074,0.101015397755067,-0.940769524188885,0.484355313432492,0.666925731618656,-0.279309180438975,0.609411594789909,-0.231409027544531,-0.302299107228089,1,1
"JR09R","2019/20",3,2,5,3,4,2,4,3,3,4,4,3,4,3,4,3,3,2,4,5,3,3,3,3,5,3,2,5,2,4,2,4,5,3,3,3,2,4,3,4,2,3,2,4,4,2,5,2,5,3,4,4,2,4,4,3,5,4,5,4,3,2,3,4,3,4,3,2,5,3,1,5,4,5,2,5,5,2,4,5,1,5,2,5,1,3,1,5,27,32,37,24,41,30,36,39,27,45,0.0278372680745986,-0.282066377212517,0.665684203911117,-0.146097411488722,0.642363320323897,0.152913910840743,0.0729044301484766,0.423438573246146,0.739464937642291,0.943249745971182,1,1
"MZ10LJ","2019/20",3,4,4,2,2,3,3,2,2,3,3,2,4,4,3,3,3,2,4,1,3,2,4,2,3,2,3,3,3,2,4,2,4,3,3,3,4,4,4,2,5,2,2,2,3,4,4,3,4,4,3,2,2,3,2,4,5,4,4,2,3,2,4,3,4,1,2,2,4,2,4,5,5,3,4,3,5,3,4,2,4,4,4,3,2,1,2,4,22,23,33,28,22,17,19,39,31,34,-0.830478497558826,-2.01232091742929,-0.0872075376302835,0.489640278671408,-2.35978881061279,-2.07447064586355,-2.92091125984486,0.423438573246146,1.38671424776684,-1.01404130905624,1,1
"AD28L","2020/21",4,5,4,1,5,1,4,4,5,5,5,5,5,5,5,5,5,2,4,4,1,3,3,1,5,5,5,4,4,5,1,3,5,5,1,3,5,4,5,5,1,5,1,5,4,5,5,1,5,1,4,1,4,5,5,4,5,4,5,4,3,3,4,5,2,5,5,4,5,5,5,3,3,5,4,3,5,5,2,4,3,3,4,5,2,3,2,5,37,24,36,26,49,33,25,34,21,48,1.74446879934145,-1.82007041296076,0.477461268525767,0.171771433591343,1.90642737545514,0.666925731618656,-1.86427042808251,-0.506426534472665,-0.231409027544531,1.4770563973423,1,2
"NM13L","2020/21",4,2,4,1,4,1,5,2,4,4,5,2,3,2,4,3,2,1,3,3,3,3,2,3,2,3,1,3,1,3,2,5,3,3,3,5,1,4,3,3,3,5,2,3,4,3,4,2,4,2,5,3,4,4,5,2,2,2,4,4,3,1,2,3,3,4,1,3,3,4,1,4,2,3,2,5,4,4,3,5,2,3,4,4,3,5,2,3,32,38,34,18,32,33,38,34,19,34,0.886153033708023,0.871436649598665,0.101015397755067,-1.09970394672892,-0.779708741698746,0.666925731618656,0.425118040735928,-0.506426534472665,-0.555033682606805,-1.01404130905624,1,2
"TA04L","2020/21",4,2,5,3,4,3,5,4,4,4,4,2,5,1,5,4,2,1,2,5,4,5,3,5,4,4,4,4,3,5,3,5,5,4,4,3,2,2,1,5,1,3,3,5,4,1,5,1,4,1,5,2,4,4,4,2,5,3,4,4,4,1,1,2,1,4,1,5,5,5,3,5,4,5,1,5,5,4,3,5,4,4,1,4,2,5,1,4,27,34,34,15,44,37,37,43,15,39,0.0278372680745986,0.102434631724543,0.101015397755067,-1.57650721434902,1.11638734099811,1.35227482598921,0.249011235442202,1.1673306594212,-1.20228299273135,-0.124363556771051,1,2
"MI14K","2020/21",5,4,5,1,5,1,3,4,3,5,5,4,5,4,5,5,2,3,4,5,1,4,3,2,5,4,4,5,3,5,1,3,5,3,1,5,4,4,4,5,3,5,3,4,5,2,5,1,5,2,5,2,4,5,5,3,5,3,5,5,3,1,3,5,2,3,1,4,5,5,3,5,2,5,2,5,5,5,4,5,4,5,2,5,3,4,2,4,39,25,35,26,47,37,32,43,16,44,2.08779510559482,-1.62781990849223,0.289238333140417,0.171771433591343,1.59041136167233,1.35227482598921,-0.631522791026426,1.1673306594212,-1.04047066520022,0.765314195514143,1,2
"ND05L","2020/21",4,5,3,2,2,2,2,4,3,4,2,3,3,4,4,3,2,1,2,2,2,1,4,1,5,2,4,2,5,4,2,2,2,4,5,4,5,1,3,4,5,2,1,4,3,2,1,1,3,2,3,5,2,4,4,5,2,5,4,4,2,5,3,4,1,4,5,2,3,4,5,3,5,3,2,2,3,4,1,5,5,2,4,3,2,2,3,4,27,16,25,26,31,33,20,17,28,37,0.0278372680745986,-3.358074448709,-1.59299102071308,0.171771433591343,-0.937716748590151,0.666925731618656,-2.74480445455113,-3.66796790071662,0.901277265173428,-0.480234657685128,1,2
"AT17S","2020/21",3,3,4,2,2,5,5,3,3,5,4,1,5,2,2,3,3,3,3,5,4,3,3,5,4,2,4,4,4,5,2,5,4,5,4,5,2,4,1,2,4,5,3,4,5,1,5,1,5,5,5,1,4,5,4,1,5,1,5,5,5,2,3,5,5,5,2,5,3,3,5,5,1,5,1,5,5,5,5,5,2,5,1,5,5,5,1,5,24,35,33,17,33,29,40,43,11,40,-0.487152191305456,0.294685136193074,-0.0872075376302835,-1.25863836926895,-0.621700734807342,-0.018423362751895,0.777331651323379,1.1673306594212,-1.8495323028559,0.0535719936859882,1,2
"SDJ06L","2020/21",4,2,4,4,2,1,5,2,1,3,3,3,4,5,4,2,4,1,5,2,1,1,2,1,3,1,2,5,4,4,4,5,4,1,1,4,1,3,5,3,4,4,4,4,5,2,5,1,4,1,5,3,3,4,4,3,5,2,4,5,5,1,5,4,4,5,1,4,4,4,1,5,1,5,2,5,5,4,2,5,1,5,2,4,2,5,1,5,26,35,35,38,32,34,42,43,18,42,-0.143825885052086,0.294685136193074,0.289238333140417,2.07898450407173,-0.779708741698746,0.838263005211293,1.12954526191083,1.1673306594212,-0.716846010137942,0.409443094600066,1,2
"VM05L","2020/21",4,4,4,3,3,2,4,4,3,5,3,2,3,4,4,4,4,3,3,3,3,4,4,4,3,3,2,3,3,4,4,4,4,3,4,4,2,3,3,3,2,3,2,4,4,4,4,2,3,1,3,4,4,4,4,2,4,3,4,4,4,4,3,4,4,4,3,4,4,3,2,4,2,5,2,4,4,4,1,4,2,4,3,4,2,5,3,4,27,33,28,24,35,30,34,30,19,41,0.0278372680745986,-0.0898158727439869,-1.02832221455703,-0.146097411488722,-0.305684721024532,0.152913910840743,-0.279309180438975,-1.25031862064771,-0.555033682606805,0.231507544143027,1,2
"TJ29R","2020/21",3,2,4,5,4,4,4,1,2,5,3,2,4,4,4,5,2,4,5,5,1,2,4,2,3,2,2,3,4,5,4,4,4,2,2,3,2,2,4,5,1,3,3,5,4,2,5,4,5,4,5,5,1,5,4,4,4,5,5,5,3,3,5,5,4,3,2,2,5,3,3,4,5,5,5,5,5,2,5,1,3,5,4,5,1,3,4,5,25,31,29,34,45,22,31,33,36,46,-0.315489038178771,-0.474316881681047,-0.840099279171684,1.4432468139116,1.27439534788952,-1.21778427790036,-0.807629596320152,-0.692399556016427,2.19577588542252,1.12118529642822,1,2
"ML29Š","2020/21",4,3,5,4,2,4,4,5,1,5,4,4,5,5,4,4,3,3,5,5,3,2,4,3,3,2,4,5,5,5,4,5,5,2,5,3,4,4,5,4,2,3,5,5,3,4,5,1,5,3,5,1,2,5,4,3,5,3,5,4,3,2,3,5,5,5,4,4,4,3,4,5,4,5,3,5,5,5,3,3,2,5,2,5,2,5,3,5,24,26,31,36,38,24,34,39,20,46,-0.487152191305456,-1.4355694040237,-0.463653408400984,1.76111565899167,0.168339299649682,-0.875109730715083,-0.279309180438975,0.423438573246146,-0.393221355075668,1.12118529642822,1,2
"PA18K","2020/21",4,4,4,3,3,2,4,3,4,5,4,3,4,3,5,5,4,2,3,3,2,4,2,3,4,4,2,5,3,4,2,5,4,3,3,3,4,4,3,5,2,4,2,3,5,3,4,4,4,3,5,4,2,5,3,2,4,4,5,4,4,3,4,5,2,3,3,3,4,3,3,5,4,5,3,5,5,2,2,3,3,5,3,5,3,5,2,4,32,32,36,23,39,28,35,35,30,44,0.886153033708023,-0.282066377212517,0.477461268525767,-0.305031834028755,0.326347306541087,-0.189760636344533,-0.103202375145249,-0.320453512928903,1.2249019202357,0.765314195514143,1,2
"SM06L","2020/21",4,4,5,2,3,2,4,2,3,3,3,4,4,4,3,4,3,2,3,3,3,4,3,4,3,4,2,5,2,4,2,4,4,3,5,4,4,5,4,2,3,4,2,2,4,4,4,2,3,1,3,2,3,3,3,5,4,4,4,4,3,2,4,3,2,4,2,3,4,5,2,5,3,4,1,5,5,3,5,4,2,4,2,2,3,3,2,2,30,29,38,23,27,34,29,38,24,29,0.542826727454653,-0.858817890618108,0.853907139296467,-0.305031834028755,-1.56974877615577,0.838263005211293,-1.1598432069076,0.237465551702384,0.25402795504888,-1.90371906134144,1,2
"MD26I","2021/22",4,3,4,2,4,2,4,4,4,4,3,2,3,2,4,5,4,1,3,4,2,4,4,3,4,4,3,4,2,3,3,5,5,5,4,4,3,3,2,4,4,4,3,2,3,2,5,1,4,1,5,1,4,5,4,3,5,3,4,3,3,2,5,5,2,3,3,2,5,4,1,4,4,4,1,5,5,4,3,5,1,5,4,5,4,5,4,3,31,34,31,17,33,33,38,38,25,40,0.714489880581338,0.102434631724543,-0.463653408400984,-1.25863836926895,-0.621700734807342,0.666925731618656,0.425118040735928,0.237465551702384,0.415840282580017,0.0535719936859882,1,3
"JJ10L","2021/22",2,4,4,1,3,3,4,2,4,4,3,1,5,2,5,3,5,3,2,4,5,5,3,5,4,4,2,4,2,5,2,5,4,5,4,3,1,4,1,4,2,4,1,5,2,1,5,1,4,2,5,3,5,4,4,1,5,2,5,4,5,2,3,4,5,3,2,5,3,3,1,4,1,5,4,5,5,5,3,2,1,5,1,5,2,4,3,5,23,39,36,12,40,22,42,38,11,42,-0.658815344432141,1.0636871540672,0.477461268525767,-2.05331048196911,0.484355313432492,-1.21778427790036,1.12954526191083,0.237465551702384,-1.8495323028559,0.409443094600066,1,3
"NG29BL","2021/22",3,3,4,2,5,4,5,4,4,5,2,1,4,2,5,4,2,2,4,5,5,1,3,1,4,4,3,5,2,5,2,5,4,5,4,2,1,4,1,5,3,3,2,5,4,3,5,1,5,3,4,2,4,5,2,2,4,2,5,4,3,3,2,4,4,1,3,5,5,5,3,4,3,5,2,4,5,5,4,2,3,4,2,4,2,2,2,5,22,32,34,19,44,26,27,36,14,44,-0.830478497558826,-0.282066377212517,0.101015397755067,-0.940769524188885,1.11638734099811,-0.532435183529808,-1.51205681749505,-0.134480491385141,-1.36409532026249,0.765314195514143,1,3
"NT18L","2021/22",5,3,4,3,4,2,4,3,3,5,3,3,5,3,5,4,2,3,5,3,2,3,4,2,4,4,3,5,5,5,3,4,5,4,2,5,5,4,4,4,2,3,2,4,5,3,5,3,3,1,4,4,4,4,4,3,4,3,4,4,3,4,4,4,2,4,3,3,4,4,2,4,3,5,1,5,4,3,1,5,2,4,3,4,1,4,3,5,32,26,35,29,42,36,34,31,24,43,0.886153033708023,-1.4355694040237,0.289238333140417,0.648574701211441,0.800371327215301,1.18093755239657,-0.279309180438975,-1.06434559910395,0.25402795504888,0.587378645057105,1,3
"MD05L","2021/22",3,3,3,2,3,2,3,2,2,5,3,3,4,3,5,4,5,3,3,3,3,3,4,3,3,3,4,4,4,4,3,4,3,2,3,3,3,2,3,5,3,4,4,2,5,3,4,2,3,2,4,3,4,5,5,4,3,2,3,4,4,2,2,3,3,3,3,2,4,5,3,3,4,2,1,3,4,4,2,5,4,3,1,3,5,5,2,4,26,30,27,26,36,36,29,31,19,32,-0.143825885052086,-0.666567386149578,-1.21654514994238,0.171771433591343,-0.147676714133127,1.18093755239657,-1.1598432069076,-1.06434559910395,-0.555033682606805,-1.36991240997032,1,3
"VJ09L","2021/22",4,2,4,4,5,2,5,2,2,5,3,3,5,4,5,5,3,1,4,5,2,3,2,2,5,2,1,3,4,2,2,5,5,3,2,5,2,4,2,5,2,5,2,5,4,2,5,1,4,1,5,2,3,4,4,3,5,4,5,4,4,1,4,5,3,4,1,3,5,3,2,4,3,5,2,5,5,4,4,4,1,5,3,4,1,4,1,5,31,37,38,29,45,31,38,43,23,44,0.714489880581338,0.679186145130134,0.853907139296467,0.648574701211441,1.27439534788952,0.32425118443338,0.425118040735928,1.1673306594212,0.0922156275177431,0.765314195514143,1,3
"SV08S","2021/22",4,2,4,2,3,3,4,4,3,3,3,3,4,4,4,3,2,2,3,4,3,2,2,2,4,4,5,4,4,4,3,5,5,3,5,2,4,5,4,3,4,3,3,3,5,3,4,3,2,2,5,5,2,4,5,4,4,5,5,4,4,4,4,4,2,3,3,2,3,4,4,5,3,3,3,5,5,3,5,2,2,4,4,3,3,3,3,3,25,26,35,27,31,31,31,31,30,31,-0.315489038178771,-1.4355694040237,0.289238333140417,0.330705856131376,-0.937716748590151,0.32425118443338,-0.807629596320152,-1.06434559910395,1.2249019202357,-1.54784796042736,1,3
"OO26I","2021/22",4,1,4,3,1,3,4,4,2,4,3,1,5,4,5,4,2,5,5,4,4,3,5,2,1,2,3,3,4,5,3,4,4,2,4,2,2,4,5,5,4,5,5,3,4,4,5,1,4,2,4,3,5,5,5,2,4,3,4,4,3,1,3,3,3,4,2,4,4,5,3,4,2,3,3,4,5,5,3,4,2,4,2,4,3,5,1,4,23,35,25,33,32,32,33,39,15,37,-0.658815344432141,0.294685136193074,-1.59299102071308,1.28431239137157,-0.779708741698746,0.495588458026018,-0.4554159857327,0.423438573246146,-1.20228299273135,-0.480234657685128,1,3
"BG01K","2021/22",5,3,3,1,3,1,4,4,2,5,4,3,4,4,3,5,4,4,3,3,2,4,3,3,4,4,3,3,3,1,2,4,4,3,2,5,3,3,3,2,4,4,2,3,5,3,5,1,4,2,5,3,4,5,4,3,5,3,5,5,3,3,2,4,2,4,2,4,4,4,2,5,3,3,2,4,5,4,3,5,3,4,2,4,3,4,2,3,36,32,28,24,30,35,33,38,17,38,1.57280564621476,-0.282066377212517,-1.02832221455703,-0.146097411488722,-1.09572475548156,1.00960027880393,-0.4554159857327,0.237465551702384,-0.878658337669079,-0.302299107228089,1,3
"MR07L","2021/22",2,2,4,3,3,4,4,3,3,4,3,2,4,4,3,3,4,2,4,2,5,3,3,3,2,2,1,3,4,2,3,5,4,3,3,2,2,2,3,3,2,4,3,1,4,1,5,1,5,2,5,2,5,5,4,2,5,3,5,4,5,1,3,3,5,4,3,3,5,4,1,5,3,4,2,5,5,5,2,5,1,5,2,4,2,5,1,3,18,37,30,27,27,30,43,42,17,42,-1.51713111006557,0.679186145130134,-0.651876343786334,0.330705856131376,-1.56974877615577,0.152913910840743,1.30565206720456,0.981357637877433,-0.878658337669079,0.409443094600066,1,3
"VU08K","2021/22",4,2,5,3,4,3,5,1,3,5,3,2,4,3,4,3,5,2,3,4,4,1,2,3,5,2,1,5,2,4,4,5,4,4,3,3,1,4,2,4,2,4,2,5,4,3,5,1,4,1,4,5,5,3,4,4,5,5,5,4,3,4,1,5,1,2,2,1,5,4,1,5,4,5,2,5,4,4,3,4,1,3,4,3,3,3,2,4,22,38,39,21,42,34,32,33,23,40,-0.830478497558826,0.871436649598665,1.04213007468182,-0.62290067910882,0.800371327215301,0.838263005211293,-0.631522791026426,-0.692399556016427,0.0922156275177431,0.0535719936859882,1,3
"VB15I","2021/22",4,2,4,4,3,3,5,3,1,4,3,2,4,5,4,4,5,4,5,4,1,3,5,1,4,2,2,3,4,5,4,5,4,1,4,5,2,2,5,4,1,5,4,5,4,1,5,1,3,1,5,3,3,4,4,1,5,2,4,4,5,1,3,3,4,5,2,5,4,3,1,4,2,4,3,5,5,4,3,5,1,4,3,3,2,5,2,5,28,39,25,38,40,30,45,39,17,37,0.199500421201284,1.0636871540672,-1.59299102071308,2.07898450407173,0.484355313432492,0.152913910840743,1.65786567779201,0.423438573246146,-0.878658337669079,-0.480234657685128,1,3
"ZA18L","2022/23",2,4,4,3,4,3,3,3,2,3,2,2,5,4,5,3,3,4,5,5,3,2,4,4,5,2,3,2,3,4,3,2,4,4,3,3,4,1,4,4,2,2,5,4,3,4,5,3,4,2,4,3,3,4,3,2,4,3,4,4,2,4,4,3,4,2,3,4,4,3,3,4,4,4,3,4,4,4,3,3,2,3,3,4,3,3,3,2,21,23,24,27,41,25,28,31,24,35,-1.00214165068551,-2.01232091742929,-1.78121395609843,0.330705856131376,0.642363320323897,-0.703772457122446,-1.33595001220133,-1.06434559910395,0.25402795504888,-0.836105758599206,1,4
"KT31L","2022/23",4,2,5,3,3,1,4,2,3,4,3,1,4,3,4,3,3,2,2,4,2,5,1,3,4,3,1,4,3,2,2,4,4,3,4,4,2,5,3,4,5,5,2,4,5,1,5,1,5,1,5,4,4,5,4,1,5,3,5,4,4,3,4,3,5,3,1,4,4,4,1,5,2,5,2,5,5,3,1,5,1,5,3,5,1,5,1,4,30,39,39,23,32,32,42,40,20,46,0.542826727454653,1.0636871540672,1.04213007468182,-0.305031834028755,-0.779708741698746,0.495588458026018,1.12954526191083,0.609411594789909,-0.393221355075668,1.12118529642822,1,4
"JD13ŠPG","2022/23",4,2,4,1,5,1,4,3,3,5,5,2,4,4,4,5,4,2,4,4,3,2,3,4,4,3,1,4,2,5,2,4,4,4,2,5,2,4,2,4,1,5,2,5,5,3,4,1,3,3,2,3,4,4,5,3,5,2,4,5,3,4,5,4,2,1,3,4,5,5,4,4,2,5,1,4,4,4,1,5,2,4,2,4,1,3,3,5,34,36,34,20,45,37,25,32,18,44,1.22947933996139,0.486935640661604,0.101015397755067,-0.781835101648852,1.27439534788952,1.35227482598921,-1.86427042808251,-0.87837257756019,-0.716846010137942,0.765314195514143,1,4
"VR22S","2022/23",2,5,4,4,5,3,5,2,1,5,4,1,3,4,5,4,4,4,5,5,2,5,4,2,2,2,1,4,4,5,2,4,4,1,1,4,2,2,5,4,1,5,5,5,2,4,5,2,5,4,5,3,2,5,4,2,5,4,5,4,4,3,4,5,4,3,2,4,4,4,1,5,2,5,4,5,5,2,2,4,1,5,4,5,1,4,3,5,27,38,26,36,46,24,37,38,26,48,0.0278372680745986,0.871436649598665,-1.40476808532773,1.76111565899167,1.43240335478092,-0.875109730715083,0.249011235442202,0.237465551702384,0.577652610111154,1.4770563973423,1,4
"SM12L","2022/23",3,4,5,3,4,4,4,2,2,4,3,4,5,5,5,4,2,4,5,4,4,1,2,3,4,3,2,5,4,3,4,4,5,2,4,2,3,5,4,5,2,3,2,3,3,3,5,2,3,3,4,2,1,3,3,3,5,4,4,4,2,3,4,1,5,2,1,1,3,3,3,4,4,5,3,3,5,2,3,2,5,4,4,2,1,3,2,5,21,25,39,32,38,22,24,39,32,34,-1.00214165068551,-1.62781990849223,1.04213007468182,1.12537796883154,0.168339299649682,-1.21778427790036,-2.04037723337623,0.423438573246146,1.54852657529798,-1.01404130905624,1,4
"HJ09L","2022/23",1,2,3,3,2,4,4,2,3,2,3,1,4,3,2,3,2,1,4,2,5,2,2,3,4,1,2,4,5,2,4,4,3,2,4,3,2,4,3,2,5,3,4,3,3,1,4,2,4,4,4,2,4,5,4,1,5,4,4,4,3,2,3,2,5,3,2,4,4,4,1,4,4,3,4,5,5,4,4,3,2,4,2,3,4,4,2,2,16,32,33,28,22,23,38,38,21,31,-1.86045741631894,-0.282066377212517,-0.0872075376302835,0.489640278671408,-2.35978881061279,-1.04644700430772,0.425118040735928,0.237465551702384,-0.231409027544531,-1.54784796042736,1,4
"MI14L","2022/23",2,1,4,4,3,4,3,5,2,4,2,1,4,5,5,4,5,2,5,5,4,2,3,3,2,2,3,3,3,4,5,5,4,2,3,3,2,5,4,4,3,3,4,2,3,1,5,4,5,3,4,4,2,4,3,1,4,4,5,4,5,2,4,5,4,2,2,3,3,2,1,4,3,5,4,5,4,2,3,2,1,4,4,5,2,3,4,2,18,35,30,32,35,21,39,33,30,41,-1.51713111006557,0.294685136193074,-0.651876343786334,1.12537796883154,-0.305684721024532,-1.389121551493,0.601224846029654,-0.692399556016427,1.2249019202357,0.231507544143027,1,4
"KJ01L","2022/23",3,2,3,4,2,2,4,4,1,2,2,3,4,5,5,4,3,2,5,2,2,3,2,2,3,2,2,3,4,4,4,4,4,1,4,2,4,5,5,2,3,3,4,2,5,5,4,5,4,1,4,5,2,4,3,5,5,5,5,5,2,2,4,5,2,3,1,1,3,5,1,2,5,4,3,4,5,1,4,1,2,2,5,3,5,3,4,5,23,30,31,37,27,31,27,30,38,36,-0.658815344432141,-0.666567386149578,-0.463653408400984,1.9200500815317,-1.56974877615577,0.32425118443338,-1.51205681749505,-1.25031862064771,2.5194005404848,-0.658170208142167,1,4
"SJ14L","2022/23",4,1,5,2,3,1,5,4,2,4,3,1,5,4,3,4,4,1,4,4,2,5,1,1,4,2,1,5,2,4,3,5,5,1,3,5,3,3,4,4,2,5,4,4,4,1,5,1,4,1,5,3,2,5,4,1,5,3,5,4,1,1,4,3,3,5,1,3,3,2,1,4,2,4,3,5,5,1,3,4,1,3,4,3,2,4,3,4,30,42,37,30,37,29,40,38,26,38,0.542826727454653,1.64043866747279,0.665684203911117,0.807509123751473,0.0103312927582775,-0.018423362751895,0.777331651323379,0.237465551702384,0.577652610111154,-0.302299107228089,1,4
"SM25S","2022/23",4,4,4,2,4,5,4,1,4,5,3,4,3,1,4,4,4,2,1,4,2,1,3,3,4,5,5,5,3,5,1,3,4,5,2,1,4,4,2,4,1,2,1,5,4,2,5,2,5,4,5,1,3,5,4,3,5,3,5,5,4,2,3,2,5,2,1,4,5,3,2,5,2,5,2,5,5,4,2,1,2,5,3,5,1,1,1,5,27,21,37,15,44,24,32,44,20,46,0.0278372680745986,-2.39682192636635,0.665684203911117,-1.57650721434902,1.11638734099811,-0.875109730715083,-0.631522791026426,1.35330368096496,-0.393221355075668,1.12118529642822,1,4
"BS04Š","2023/24",4,3,4,2,4,3,4,3,4,5,3,3,5,3,4,4,2,1,2,5,3,4,3,3,4,4,3,4,4,5,4,5,4,4,3,5,4,4,2,4,1,4,3,4,5,2,5,1,5,1,5,1,3,5,5,1,5,3,5,5,3,1,4,5,4,3,2,5,5,5,1,5,3,5,1,5,5,2,3,5,1,4,1,5,3,5,2,5,28,30,35,20,43,37,40,42,20,46,0.199500421201284,-0.666567386149578,0.289238333140417,-0.781835101648852,0.958379334106706,1.35227482598921,0.777331651323379,0.981357637877433,-0.393221355075668,1.12118529642822,1,5
"NZ21K","2023/24",5,4,4,2,4,1,4,4,3,4,4,4,4,4,3,4,2,1,2,5,1,4,5,2,5,5,4,2,4,5,1,4,4,2,1,4,5,3,4,3,4,2,1,3,5,3,4,2,5,1,5,4,3,5,4,4,5,4,5,4,3,2,3,4,2,3,3,2,5,5,1,4,3,5,1,5,5,4,3,5,1,4,2,5,2,5,2,4,37,23,30,27,39,37,36,35,23,45,1.74446879934145,-2.01232091742929,-0.651876343786334,0.330705856131376,0.326347306541087,1.35227482598921,0.0729044301484766,-0.320453512928903,0.0922156275177431,0.943249745971182,1,5
"AN23L","2023/24",5,3,4,1,3,1,5,4,3,5,4,2,4,3,4,4,4,2,4,4,4,5,3,4,3,4,2,4,4,3,2,4,4,3,4,5,2,4,2,4,3,5,3,2,5,1,5,1,5,1,5,4,3,4,4,1,5,2,4,5,3,2,2,4,3,3,2,5,5,5,1,4,3,2,2,5,5,4,5,5,1,5,3,4,3,5,2,4,33,38,32,22,33,36,41,38,17,36,1.05781618683471,0.871436649598665,-0.275430473015634,-0.463966256568787,-0.621700734807342,1.18093755239657,0.953438456617105,0.237465551702384,-0.878658337669079,-0.658170208142167,1,5
"SC2002S","2023/24",5,2,4,3,3,1,5,4,2,5,3,2,4,2,4,4,5,4,4,4,2,4,3,2,3,2,2,4,2,5,2,5,4,2,3,5,2,3,4,4,1,3,3,5,4,2,4,3,3,2,4,4,3,3,3,2,4,2,4,4,4,3,3,3,3,4,3,3,3,3,2,4,3,4,2,4,4,3,3,5,2,4,2,3,2,3,3,5,32,38,29,27,41,30,35,31,22,35,0.886153033708023,0.871436649598665,-0.840099279171684,0.330705856131376,0.642363320323897,0.152913910840743,-0.103202375145249,-1.06434559910395,-0.069596700013394,-0.836105758599206,1,5
"HM10K","2023/24",4,4,5,1,4,2,3,2,2,5,4,4,5,4,5,4,4,2,3,3,1,2,3,2,4,3,3,5,4,5,2,3,5,3,4,3,4,5,4,4,1,4,2,4,5,3,4,1,4,2,3,4,1,4,4,4,3,4,3,4,2,2,4,4,2,4,4,2,3,3,2,3,5,5,2,4,3,2,4,4,3,4,3,4,1,4,4,5,31,25,40,27,41,32,29,27,30,39,0.714489880581338,-1.62781990849223,1.23035301006717,0.330705856131376,0.642363320323897,0.495588458026018,-1.1598432069076,-1.808237685279,1.2249019202357,-0.124363556771051,1,5
"ME25L","2023/24",5,2,4,2,4,2,4,1,3,5,4,2,5,3,5,4,3,1,4,3,2,4,2,3,5,4,2,4,4,4,2,5,4,3,4,5,1,4,4,3,2,4,1,4,5,1,5,2,4,1,5,2,4,3,3,1,5,2,4,4,3,1,4,4,1,3,1,5,4,5,1,5,4,3,2,5,5,5,2,5,1,5,4,2,2,5,1,5,34,37,40,26,39,36,41,44,20,37,1.22947933996139,0.679186145130134,1.23035301006717,0.171771433591343,0.326347306541087,1.18093755239657,0.953438456617105,1.35330368096496,-0.393221355075668,-0.480234657685128,1,5
"MM30L","2023/24",4,4,4,3,4,2,4,3,4,3,3,2,4,3,4,3,4,2,3,4,4,4,4,4,4,4,2,3,4,3,2,4,4,4,4,3,2,3,2,4,3,3,2,2,4,2,4,3,5,1,4,3,4,5,5,3,4,4,3,4,3,4,3,2,3,3,2,2,5,5,3,4,3,3,2,5,4,4,2,5,3,5,3,4,3,4,3,4,27,33,31,21,33,35,32,33,24,38,0.0278372680745986,-0.0898158727439869,-0.463653408400984,-0.62290067910882,-0.621700734807342,1.00960027880393,-0.631522791026426,-0.692399556016427,0.25402795504888,-0.302299107228089,1,5
"BG07IB","2023/24",3,4,3,3,4,3,4,3,2,5,4,4,3,5,5,5,5,4,4,5,4,5,4,2,3,2,4,5,4,5,4,4,3,4,4,3,2,3,2,5,2,1,4,4,5,3,4,3,5,2,5,4,3,5,5,4,5,3,5,5,1,4,4,5,3,3,4,2,5,5,2,4,4,5,2,5,5,4,2,5,2,3,3,5,5,5,3,5,24,29,26,28,42,36,32,30,26,45,-0.487152191305456,-0.858817890618108,-1.40476808532773,0.489640278671408,0.800371327215301,1.18093755239657,-0.631522791026426,-1.25031862064771,0.577652610111154,0.943249745971182,1,5
"PA08L","2023/24",5,4,4,2,3,2,3,3,2,5,4,3,4,4,4,5,2,4,4,5,2,3,2,2,3,3,4,5,4,5,3,4,3,3,4,5,3,2,3,3,1,3,3,5,5,3,4,1,5,1,4,4,4,5,3,3,5,4,5,5,4,2,2,5,3,4,2,4,4,4,4,5,2,5,2,5,5,3,3,5,2,5,2,5,1,3,2,5,33,25,30,28,40,34,32,38,18,47,1.05781618683471,-1.62781990849223,-0.651876343786334,0.489640278671408,0.484355313432492,0.838263005211293,-0.631522791026426,0.237465551702384,-0.716846010137942,1.29912084688526,1,5
"ZB29L","2023/24",4,2,4,2,5,2,4,4,2,5,5,1,4,4,5,4,2,3,3,4,2,4,1,4,4,4,2,3,3,4,2,3,4,2,2,4,2,2,3,4,2,4,2,2,4,1,5,3,5,2,5,2,5,5,5,1,5,2,5,4,4,1,1,5,2,4,1,5,5,5,1,5,1,5,1,5,5,5,1,5,1,5,1,5,1,4,1,4,33,34,31,25,41,36,42,44,11,49,1.05781618683471,0.102434631724543,-0.463653408400984,0.0128370110513104,0.642363320323897,1.18093755239657,1.12954526191083,1.35330368096496,-1.8495323028559,1.65499194779934,1,5
"KD24K","2023/24",5,3,5,2,5,1,5,5,4,5,5,4,5,4,4,5,4,1,2,5,1,5,2,2,5,5,3,5,4,5,1,5,5,3,4,5,4,4,3,5,2,4,2,4,2,3,5,2,4,1,5,2,4,4,4,1,4,2,4,4,5,1,1,4,3,5,1,5,5,4,1,5,2,3,1,5,5,4,3,4,2,4,3,4,3,3,2,3,40,33,38,24,44,31,40,41,15,37,2.2594582587215,-0.0898158727439869,0.853907139296467,-0.146097411488722,1.11638734099811,0.32425118443338,0.777331651323379,0.795384616333671,-1.20228299273135,-0.480234657685128,1,5
"PE26L","2023/24",4,3,4,4,3,2,2,3,1,5,3,3,5,3,4,3,3,1,5,3,3,2,3,2,4,3,2,3,5,3,4,4,5,3,4,3,3,4,4,3,2,3,4,2,4,3,4,2,3,2,4,4,1,3,2,2,5,4,3,4,3,2,5,3,2,4,3,4,4,2,1,4,4,3,3,4,5,2,4,4,2,4,3,2,3,4,2,3,25,27,34,33,33,27,35,35,29,29,-0.315489038178771,-1.24331889955517,0.101015397755067,1.28431239137157,-0.621700734807342,-0.36109790993717,-0.103202375145249,-0.320453512928903,1.06308959270457,-1.90371906134144,1,5
"PG19L","2023/24",4,4,4,3,2,3,5,4,4,5,4,2,5,4,4,4,4,2,4,3,5,4,3,4,4,4,2,2,3,3,4,4,5,4,3,3,2,3,4,4,4,4,2,1,3,2,4,2,3,3,4,2,3,4,4,2,4,4,5,4,4,1,3,2,5,4,1,4,3,3,1,4,2,2,4,4,4,4,3,3,2,5,2,4,5,4,2,2,25,35,32,24,31,23,37,39,20,29,-0.315489038178771,0.294685136193074,-0.275430473015634,-0.146097411488722,-0.937716748590151,-1.04644700430772,0.249011235442202,0.423438573246146,-0.393221355075668,-1.90371906134144,1,5
"BB10L","2023/24",2,2,3,3,4,3,3,4,2,5,3,2,4,3,4,4,4,4,3,3,4,1,5,3,3,4,3,3,5,5,3,5,3,3,4,3,4,1,2,4,1,3,4,3,3,1,3,3,5,4,4,3,3,4,2,2,5,5,4,4,4,4,4,5,5,4,4,3,5,4,2,4,4,5,3,5,5,4,3,3,3,3,2,4,1,2,2,5,24,29,21,26,38,22,35,31,26,45,-0.487152191305456,-0.858817890618108,-2.34588276225448,0.171771433591343,0.168339299649682,-1.21778427790036,-0.103202375145249,-1.06434559910395,0.577652610111154,0.943249745971182,1,5
"JA12Š","2023/24",3,4,2,2,3,3,3,2,4,5,1,2,4,4,4,5,5,5,4,4,3,2,5,3,2,3,4,3,2,5,4,5,3,1,3,3,3,2,4,4,1,2,3,4,3,4,4,1,3,3,5,4,2,4,3,2,4,1,5,4,5,4,5,4,5,3,4,4,4,5,5,3,3,5,3,5,4,2,4,4,3,4,4,5,1,2,2,5,23,28,23,26,39,26,30,29,24,42,-0.658815344432141,-1.05106839508664,-1.96943689148378,0.171771433591343,0.326347306541087,-0.532435183529808,-0.983736401613878,-1.43629164219148,0.25402795504888,0.409443094600066,1,5
"US223","2023/24",4,4,3,3,4,2,3,2,2,4,2,4,4,4,3,4,3,5,5,4,4,4,5,2,4,2,2,3,5,3,3,4,4,2,2,1,4,2,4,5,4,2,2,4,5,1,5,4,5,1,3,3,2,5,3,1,4,3,5,5,5,4,2,5,2,3,5,1,5,5,4,3,3,1,1,5,5,2,2,1,3,5,4,3,5,1,1,4,22,26,26,33,37,33,32,33,29,38,-0.830478497558826,-1.4355694040237,-1.40476808532773,1.28431239137157,0.0103312927582775,0.666925731618656,-0.631522791026426,-0.692399556016427,1.06308959270457,-0.302299107228089,1,5
"VJ05L","2023/24",2,3,2,5,3,4,3,3,1,3,1,2,2,4,3,3,4,3,5,3,3,4,4,2,1,1,2,2,3,3,4,3,2,3,4,3,3,4,5,3,2,3,5,2,4,5,3,4,4,2,5,1,2,3,2,1,5,4,5,3,5,5,5,5,3,3,5,3,3,1,1,2,3,5,2,5,4,1,5,3,1,4,5,5,4,5,4,5,17,31,21,34,27,24,39,27,33,38,-1.68879426319225,-0.474316881681047,-2.34588276225448,1.4432468139116,-1.56974877615577,-0.875109730715083,0.601224846029654,-1.808237685279,1.71033890282911,-0.302299107228089,1,5
"IS06P","2019/20",3,2,4,3,4,2,5,5,3,5,3,3,5,4,4,3,3,2,3,4,4,4,3,3,4,3,2,4,3,5,2,5,5,4,3,4,2,4,3,4,2,4,4,5,4,2,4,2,5,3,5,4,3,5,4,2,5,3,4,4,2,2,2,4,4,3,2,3,4,4,4,4,3,5,2,5,5,4,2,5,2,4,1,4,2,5,2,4,26,36,32,24,42,30,34,36,19,43,-0.143825885052086,0.486935640661604,-0.275430473015634,-0.146097411488722,0.800371327215301,0.152913910840743,-0.279309180438975,-0.134480491385141,-0.555033682606805,0.587378645057105,0,1
"VA10M","2019/20",4,2,4,3,4,2,5,3,4,5,5,2,4,3,4,4,4,2,3,4,2,5,2,4,4,3,2,4,3,4,4,5,5,4,2,4,3,4,5,1,4,2,2,4,4,2,5,1,5,1,5,1,4,5,5,1,5,2,5,5,4,3,4,4,2,4,1,4,5,4,1,5,1,5,1,5,5,4,1,5,1,5,1,5,1,3,1,5,30,36,36,23,36,37,40,43,15,49,0.542826727454653,0.486935640661604,0.477461268525767,-0.305031834028755,-0.147676714133127,1.35227482598921,0.777331651323379,1.1673306594212,-1.20228299273135,1.65499194779934,0,1
"BJ18MS","2019/20",5,1,5,2,4,1,4,1,3,4,4,1,5,2,5,4,3,1,2,4,5,4,2,4,5,4,1,5,1,4,1,5,5,3,1,4,1,4,1,4,1,4,1,4,4,2,5,3,4,2,5,1,3,4,2,3,4,3,5,4,3,2,4,4,3,3,4,3,4,4,2,4,3,4,3,4,4,3,3,3,3,4,2,5,2,3,2,4,32,40,43,16,44,27,32,36,24,41,0.886153033708023,1.25593765853573,1.79502181622322,-1.41757279180898,1.11638734099811,-0.36109790993717,-0.631522791026426,-0.134480491385141,0.25402795504888,0.231507544143027,0,1
"SD09M","2019/20",4,3,3,1,4,2,2,3,4,3,3,2,3,3,4,4,2,4,2,4,3,3,4,4,4,4,4,2,2,4,2,3,3,4,3,4,4,3,2,4,1,2,2,3,5,3,4,2,3,1,5,3,4,3,4,2,4,2,5,4,4,5,3,3,3,2,3,4,4,5,2,3,2,5,2,3,4,4,3,5,2,2,2,3,1,3,2,4,30,23,25,16,38,35,32,28,17,38,0.542826727454653,-2.01232091742929,-1.59299102071308,-1.41757279180898,0.168339299649682,1.00960027880393,-0.631522791026426,-1.62226466373524,-0.878658337669079,-0.302299107228089,0,1
"BM13M","2019/20",3,1,5,2,3,4,5,3,4,4,2,2,5,2,5,3,4,2,2,4,5,4,4,5,3,4,2,5,3,4,4,5,5,4,4,3,2,4,2,4,1,3,2,4,3,2,4,2,3,4,3,4,4,3,3,2,5,4,4,3,3,2,2,3,5,4,2,5,4,4,4,5,4,3,3,4,5,5,4,3,2,4,1,4,2,3,1,4,20,38,37,16,38,22,31,38,17,34,-1.1738048038122,0.871436649598665,0.665684203911117,-1.41757279180898,0.168339299649682,-1.21778427790036,-0.807629596320152,0.237465551702384,-0.878658337669079,-1.01404130905624,0,1
"NM03M","2019/20",4,2,4,2,4,3,4,2,3,5,1,2,4,3,4,4,4,3,3,5,3,4,3,4,4,3,2,4,4,5,3,4,4,3,2,3,2,3,3,4,2,4,3,4,5,4,5,1,5,1,5,3,4,5,5,1,3,3,5,5,4,3,5,5,5,5,3,3,5,5,2,5,4,5,3,5,5,3,1,4,1,5,1,5,5,5,1,5,24,36,32,23,43,33,40,37,22,46,-0.487152191305456,0.486935640661604,-0.275430473015634,-0.305031834028755,0.958379334106706,0.666925731618656,0.777331651323379,0.0514925301586218,-0.069596700013394,1.12118529642822,0,1
"MM21SG","2019/20",3,3,3,3,4,3,4,4,2,5,3,1,4,4,4,3,4,4,5,5,4,3,2,2,3,4,2,2,4,5,3,5,4,2,2,3,2,3,5,4,1,2,4,5,3,1,5,3,4,3,5,4,3,5,3,1,5,2,5,3,4,3,4,4,5,4,2,3,4,4,3,4,2,5,3,5,5,4,2,3,2,3,1,4,1,3,3,5,24,34,26,33,44,23,38,34,20,45,-0.487152191305456,0.102434631724543,-1.40476808532773,1.28431239137157,1.11638734099811,-1.04644700430772,0.425118040735928,-0.506426534472665,-0.393221355075668,0.943249745971182,0,1
"AA06SG","2019/20",4,3,4,2,4,2,4,3,3,5,3,1,4,2,3,4,3,3,2,4,3,4,5,4,4,3,2,3,4,5,3,5,4,3,1,5,2,3,2,4,1,5,3,3,4,2,4,3,4,2,3,3,3,5,3,3,4,3,4,4,3,3,4,4,4,4,4,3,5,3,2,3,4,4,2,4,4,3,2,4,2,1,3,4,2,5,2,3,29,37,28,20,42,28,34,28,26,41,0.371163574327968,0.679186145130134,-1.02832221455703,-0.781835101648852,0.800371327215301,-0.189760636344533,-0.279309180438975,-1.62226466373524,0.577652610111154,0.231507544143027,0,1
"NM16M","2019/20",4,3,4,1,4,3,5,2,2,3,4,3,5,5,4,3,2,2,4,4,3,4,4,3,4,5,2,4,5,2,3,5,5,3,1,3,2,3,4,3,4,4,2,2,4,1,4.5,1,5,2,5,3,3,5,5,1,5,3,5,5,3,1,3,4,4,4,2,4,5,3,1,5,3,4,2,5,5,4,3,5,1,5,2,4,2,5,2,5,28,34,35,29,33,32,42,40.5,19,44,0.199500421201284,0.102434631724543,0.289238333140417,0.648574701211441,-0.621700734807342,0.495588458026018,1.12954526191083,0.70239810556179,-0.555033682606805,0.765314195514143,0,1
"SM18M","2019/20",5,3,5,3,5,1,5,2,2,5,4,3,5,4,5,5,3,1,4,5,2,4,3,3,5,4,2,5,3,5,1,5,5,4,3,5,3,5,3,5,1,5,3,3,5,2,5,2,5,1,4,1,5,5,5,3,5,2,5,5,5,1,4,5,1,3,1,2,5,5,2,5,2,5,1,4,5,5,4,5,1,5,2,5,1,5,1,5,37,35,40,26,46,40,37,45,18,47,1.74446879934145,0.294685136193074,1.23035301006717,0.171771433591343,1.43240335478092,1.86628664676712,0.249011235442202,1.53927670250872,-0.716846010137942,1.29912084688526,0,1
"MT18M","2019/20",1,3,5,1,1,1,1,3,3,4,2,2,3,4,4,3,4,1,4,4,5,3,2,3,3,2,3,5,4,4,4,4,4,4,4,2,2,4,3,4,1,3,2,4,4,1,5,4,4,2,5,1,4,3,4,2,5,2,5,4,4,2,2,5,4,3,2,4,4,4,1,5,2,4,1,4,5,4,2,4,1,5,2,4,1,4,2,5,18,29,37,24,35,31,39,42,18,43,-1.51713111006557,-0.858817890618108,0.665684203911117,-0.146097411488722,-0.305684721024532,0.32425118443338,0.601224846029654,0.981357637877433,-0.716846010137942,0.587378645057105,0,1
"MŠ31MS","2019/20",3,2,4,2,4,3,5,3,2,3,3,3,5,4,5,3,3,2,5,4,4,1,1,2,4,3,2,5,3,4,3,5,5,2,3,3,3,5,4,4,2,1,2,3,4,4,5,2,4,2,4,3,3,3,4,4,5,3,5,3,4,2,4,4,3,4,3,3,5,3,1,5,3,4,3,4,5,3,3,4,2,4,4,4,2,4,2,3,23,29,40,30,38,28,33,38,25,39,-0.658815344432141,-0.858817890618108,1.23035301006717,0.807509123751473,0.168339299649682,-0.189760636344533,-0.4554159857327,0.237465551702384,0.415840282580017,-0.124363556771051,0,1
"MV038","2019/20",3,3,4,3,4,4,3,2,2,5,3,2,4,4,4,4,3,1,4,4,3,3,2,3,4,3,3,4,3,4,4,5,4,2,3,3,3,3,4,4,2,3,3,4,3,1,4,2,5,3,5,4,3,4,3,2,5,4,5,4,4,3,4,4,4,4,3,4,4,4,3,5,3,5,4,5,5,4,4,3,1,4,1,4,1,4,3,5,23,30,35,29,40,24,39,34,21,43,-0.658815344432141,-0.666567386149578,0.289238333140417,0.648574701211441,0.484355313432492,-0.875109730715083,0.601224846029654,-0.506426534472665,-0.231409027544531,0.587378645057105,0,1
"MA02M","2019/20",3,2,4,1,4,2,4,3,4,4,4,1,4,3,4,4,3,3,2,4,5,4,4,4,4,3,1,4,2,5,3,4,4,4,3,3,2,4,2,4,1,4,1,4,4,2,4,1,4,2,4,3,4,3,3,4,5,3,4,4,3,4,3,3,4,3,2,3,4,5,2,4,3,3,2,4,5,4,4,4,2,5,2,4,3,4,2,4,25,37,33,16,41,30,32,36,19,34,-0.315489038178771,0.679186145130134,-0.0872075376302835,-1.41757279180898,0.642363320323897,0.152913910840743,-0.631522791026426,-0.134480491385141,-0.555033682606805,-1.01404130905624,0,1
"AB04NM","2019/20",3,4,3,2,3,2,4,5,3,3,3,3,4,4,3,4,3,5,4,3,1,4,4,3,3,4,5,3,5,3,4,4,3,3,4,4,5,4,4,3,2,3,3,4,4,3,3,3,4,1,3,5,4,4,3,4,4,5,3,3,3,4,5,5,1,5,5,4,3,5,5,4,5,3,4,4,4,3,2,5,5,3,3,4,1,4,1,5,29,25,24,28,31,32,26,27,28,40,0.371163574327968,-1.62781990849223,-1.78121395609843,0.489640278671408,-0.937716748590151,0.495588458026018,-1.68816362278878,-1.808237685279,0.901277265173428,0.0535719936859882,0,1
"PV08CE","2019/20",3,4,3,4,3,2,3,4,2,2,2,5,4,4,3,2,2,4,5,3,3,2,4,1,5,2,3,3,4,4,2,4,2,2,4,2,4,4,5,5,4,1,4,3,3,5,4,3,4,5,3,3,1,1,1,5,4,4,5,2,1,4,5,3,3,1,4,1,2,1,3,2,5,4,5,2,3,2,3,3,4,5,4,5,4,2,5,3,22,20,24,35,32,15,16,26,35,32,-0.830478497558826,-2.58907243083488,-1.78121395609843,1.60218123645164,-0.779708741698746,-2.41714519304882,-3.44923167572604,-1.99421070682276,2.03396355789139,-1.36991240997032,0,1
"SF08MS","2019/20",3,4,5,3,2,4,4,2,3,2,2,2,4,4,4,4,2,3,5,2,5,3,4,4,4,2,4,5,4,4,4,4,4,4,5,2,2,3,3,4,3,2,2,3,3,2,5,3,3,3,5,2,2,4,4,1,5,4,5,4,3,2,3,3,4,4,3,3,4,4,3,4,4,3,3,4,5,4,3,3,2,5,3,2,4,3,2,5,18,27,34,26,29,26,35,39,26,34,-1.51713111006557,-1.24331889955517,0.101015397755067,0.171771433591343,-1.25373276237296,-0.532435183529808,-0.103202375145249,0.423438573246146,0.577652610111154,-1.01404130905624,0,1
"JM20SG","2019/20",4,2,4,2,5,2,5,4,3,5,5,2,5,3,4,4,3,3,3,4,3,5,2,3,5,5,2,4,2,5,3,5,4,4,2,5,2,3,3,4,1,4,2,4,4,2,4,2,5,2,5,4,3,4,4,2,5,4,5,4,1,3,5,4,3,5,2,3,4,4,3,4,4,5,3,5,4,3,2,4,2,3,3,5,1,4,3,3,33,38,33,21,45,30,35,32,27,44,1.05781618683471,0.871436649598665,-0.0872075376302835,-0.62290067910882,1.27439534788952,0.152913910840743,-0.103202375145249,-0.87837257756019,0.739464937642291,0.765314195514143,0,1
"NJ07M","2019/20",4,4,4,4,2,3,4,2,1,2,2,3,5,5,4,2,4,4,5,5,4,3,5,2,4,2,1,3,4,4,3,5,4,2,4,2,1,2,4,4,2,2,2,2,3,4,5,4,4,2,4,4,2,2,2,5,5,5,5,4,3,2,5,4,4,3,4,2,4,2,2,5,5,2,4,4,4,2,5,2,2,5,5,4,3,2,2,2,20,33,29,35,33,21,27,36,36,31,-1.1738048038122,-0.0898158727439869,-0.840099279171684,1.60218123645164,-0.621700734807342,-1.389121551493,-1.51205681749505,-0.134480491385141,2.19577588542252,-1.54784796042736,0,1
"JV24M","2019/20",5,5,5,1,3,1,4,3,4,4,4,2,5,3,5,4,1,1,2,3,1,5,4,2,3,5,5,5,4,2,1,4,5,2,4,5,4,4,4,5,4,2,1,4,4,4,5,1,4,1,3,1,4,4,4,3,5,4,5,5,2,1,2,4,4,3,2,4,5,5,4,5,4,3,2,4,5,4,4,5,4,5,2,4,3,4,1,5,38,24,39,24,33,34,25,44,19,39,1.91613195246813,-1.82007041296076,1.04213007468182,-0.146097411488722,-0.621700734807342,0.838263005211293,-1.86427042808251,1.35330368096496,-0.555033682606805,-0.124363556771051,0,1
"SM23SG","2019/20",3,3,4,4,3,4,4,2,2,3,3,2,5,5,4,3,3,2,5,4,4,3,5,2,4,1,2,4,3,4,5,5,5,3,4,2,2,3,5,4,2,3,2,4,5,2,5,3,3,1,5,2,2,3,2,2,5,4,5,3,3,3,5,1,5,4,3,3,4,2,1,4,3,5,3,5,5,2,3,3,2,4,3,3,4,4,1,3,17,33,34,33,36,24,38,38,29,32,-1.68879426319225,-0.0898158727439869,0.101015397755067,1.28431239137157,-0.147676714133127,-0.875109730715083,0.425118040735928,0.237465551702384,1.06308959270457,-1.36991240997032,0,1
"JJ16P","2019/20",4,2,3,3,2,1,4,4,2,4,4,2,4,4,3,4,1,2,4,4,2,4,4,1,2,2,1,2,4,5,3,5,3,2,4,5,1,1,3,2,1,4,4,4,4,3,3,2,3,1,5,3,3,2,3,3,3,3,3,3,2,2,3,4,4,5,3,2,3,3,2,3,3,4,2,5,3,3,3,5,2,3,2,3,2,4,3,5,31,36,23,31,33,29,35,28,23,34,0.714489880581338,0.486935640661604,-1.96943689148378,0.966443546291506,-0.621700734807342,-0.018423362751895,-0.103202375145249,-1.62226466373524,0.0922156275177431,-1.01404130905624,0,1
"ZV27C","2019/20",5,3,3,4,2,4,3,2,1,3,2,1,3,5,4,4,3,2,5,4,5,3,4,2,2,2,3,4,4,5,4,4,3,2,4,2,3,3,4,5,1,3,4,5,3,4,5,3,2,4,5,1,3,4,3,2,5,4,4,2,3,1,5,5,5,2,2,4,4,2,2,4,4,5,5,5,5,4,5,4,2,5,2,2,1,4,2,5,20,30,28,35,37,18,33,42,25,37,-1.1738048038122,-0.666567386149578,-1.02832221455703,1.60218123645164,0.0103312927582775,-1.90313337227091,-0.4554159857327,0.981357637877433,0.415840282580017,-0.480234657685128,0,1
"BD27M","2020/21",4,2,5,2,4,1,5,3,4,4,4,1,5,3,5,5,4,1,2,4,3,1,1,3,5,4,1,5,3,5,3,5,5,4,2,5,2,5,2,4,2,4,1,5,5,2,5,1,4,1,5,1,3,5,5,2,5,4,5,4,3,2,1,5,5,4,1,5,5,5,1,5,3,5,1,5,5,3,3,4,1,4,2,3,1,4,1,5,33,37,43,19,44,34,39,43,18,45,1.05781618683471,0.679186145130134,1.79502181622322,-0.940769524188885,1.11638734099811,0.838263005211293,0.601224846029654,1.1673306594212,-0.716846010137942,0.943249745971182,0,2
"KV05P","2020/21",4,3,5,2,3,3,4,3,3,3,3,4,4,4,4,3,3,2,4,3,4,4,2,3,4,4,3,4,4,3,2,4,4,3,3,3,3,4,3,4,3,2,3,1,4,2,5,1,4,2,4,3,4,4,4,3,4,3,4,4,3,2,3,4,3,3,3,2,4,4,2,5,4,3,3,4,5,2,3,3,2,4,4,4,3,2,2,2,26,28,35,26,31,29,31,37,25,35,-0.143825885052086,-1.05106839508664,0.289238333140417,0.171771433591343,-0.937716748590151,-0.018423362751895,-0.807629596320152,0.0514925301586218,0.415840282580017,-0.836105758599206,0,2
"SA08NM","2020/21",5,3,5,2,3,3,5,4,3,5,4,1,4,4,3,4,5,3,3,2,4,4,3,2,5,4,2,4,3,5,3,5,5,3,2,5,2,3,2,3,1,5,4,5,4,1,4,2,5,3,5,4,3,4,4,1,5,4,5,5,4,3,3,5,2,4,2,4,5,4,1,5,2,5,2,5,4,4,2,5,1,4,3,5,1,4,3,5,30,40,31,24,40,33,42,34,21,48,0.542826727454653,1.25593765853573,-0.463653408400984,-0.146097411488722,0.484355313432492,0.666925731618656,1.12954526191083,-0.506426534472665,-0.231409027544531,1.4770563973423,0,2
"AS21P","2020/21",2,2,4,3,3,2,4,4,3,4,3,2,4,2,4,3,4,2,1,1,5,3,3,3,2,3,2,4,4,4,4,4,4,3,3,2,3,4,4,3,3,3,3,4,4,3,5,1,4,2,4,1,4,4,3,2,4,4,5,5,3,2,3,2,4,4,3,3,5,4,2,5,4,4,2,5,5,3,3,3,2,5,3,4,2,3,2,4,20,33,32,23,31,29,34,40,23,39,-1.1738048038122,-0.0898158727439869,-0.275430473015634,-0.305031834028755,-0.937716748590151,-0.018423362751895,-0.279309180438975,0.609411594789909,0.0922156275177431,-0.124363556771051,0,2
"DA01M","2020/21",3,3,5,3,2,3,4,4,2,3,3,3,4,4,4,3,3,1,4,2,5,3,2,2,3,3,3,4,4,5,3,5,5,3,3,4,3,5,4,3,3,3,4,4,3,2,5,2,4,3,5,2,3,4,4,1,5,4,4,4,4,2,4,2,4,4,2,2,4,4,2,5,4,4,4,4,4,4,3,4,2,5,4,4,4,4,2,4,23,30,36,30,32,26,38,40,27,35,-0.658815344432141,-0.666567386149578,0.477461268525767,0.807509123751473,-0.779708741698746,-0.532435183529808,0.425118040735928,0.609411594789909,0.739464937642291,-0.836105758599206,0,2
"SS02M","2020/21",3,2,4,2,4,2,5,3,4,4,3,1,4,4,4,4,4,1,4,2,3,2,2,4,3,4,3,4,3,4,2,5,5,5,4,4,2,4,2,4,3,3,2,5,4,1,5,2,4,1,5,2,3,3,3,2,4,2,4,3,4,1,2,2,3,2,3,4,3,3,2,3,2,3,2,5,4,3,2,4,2,5,2,3,2,4,1,5,29,35,37,20,35,29,37,38,18,35,0.371163574327968,0.294685136193074,0.665684203911117,-0.781835101648852,-0.305684721024532,-0.018423362751895,0.249011235442202,0.237465551702384,-0.716846010137942,-0.836105758599206,0,2
"SC02M","2020/21",4,1,5,2,4,4,5,5,4,4,2,1,5,1,5,5,5,3,2,5,5,4,2,5,5,2,1,5,1,5,2,5,5,4,1,4,1,4,2,5,1,4,1,4,5,1,4,1,4,1,5,2,2,5,4,1,5,3,5,4,5,1,4,4,2,3,1,1,5,2,1,4,3,5,3,5,5,1,1,5,1,3,2,4,1,5,2,5,24,43,37,13,47,32,43,39,27,47,-0.487152191305456,1.83268917194132,0.665684203911117,-1.89437605942908,1.59041136167233,0.495588458026018,1.30565206720456,0.423438573246146,0.739464937642291,1.29912084688526,0,2
"MB20M","2020/21",5,2,5,2,4,2,5,2,4,5,5,2,5,4,5,5,3,2,4,5,2,3,1,3,4,4,2,5,2,4,2,5,5,4,2,5,2,4,3,5,2,4,1,4,4,4,5,3,4,3,5,3,2,5,5,2,5,4,5,5,3,4,5,5,3,4,1,4,4,2,1,5,4,5,3,5,5,4,3,5,1,5,2,5,2,5,3,4,36,36,42,22,44,30,38,38,26,44,1.57280564621476,0.486935640661604,1.60679888083787,-0.463966256568787,1.11638734099811,0.152913910840743,0.425118040735928,0.237465551702384,0.577652610111154,0.765314195514143,0,2
"MR07MS","2020/21",2,4,5,4,3,4,3,2,3,5,4,4,5,5,5,2,5,5,3,4,3,3,1,2,5,1,4,5,5,5,5,5,5,3,5,3,5,5,4,5,1,3,1,4,4,3,5,3,4,4,4,1,3,4,4,2,5,4,5,4,4,1,4,4,5,2,2,4,5,4,2,5,3,4,3,4,5,4,5,2,2,5,4,4,2,2,1,4,18,26,40,31,42,24,31,44,25,39,-1.51713111006557,-1.4355694040237,1.23035301006717,0.966443546291506,0.800371327215301,-0.875109730715083,-0.807629596320152,1.35330368096496,0.415840282580017,-0.124363556771051,0,2
"AM28C","2020/21",3,4,5,2,4,3,4,3,4,4,5,4,5,3,5,5,4,1,2,4,3,3,3,4,4,4,2,5,3,4,2,5,5,4,2,3,2,5,2,3,2,4,2,4,5,2,5,1,5,1,5,2,4,5,5,1,5,1,5,5,4,1,1,4,4,5,1,5,5,5,1,5,1,4,1,5,5,5,3,5,1,5,1,5,2,5,1,4,30,32,40,18,40,37,43,44,9,44,0.542826727454653,-0.282066377212517,1.23035301006717,-1.09970394672892,0.484355313432492,1.35227482598921,1.30565206720456,1.35330368096496,-2.17315695791818,0.765314195514143,0,2
"NM21M","2020/21",3,2,4,4,2,3,4,2,1,3,3,3,4,3,3,3,3,1,5,2,4,3,1,3,3,3,1,4,3,3,3,4,4,2,3,4,2,3,2,3,3,5,2,2,4,1,5,1,4,1,5,4,3,4,5,2,5,3,5,5,3,1,3,4,3,3,2,3,5,4,2,4,3,3,3,5,5,3,3,5,2,5,3,4,4,4,2,3,24,35,37,29,27,34,37,39,22,37,-0.487152191305456,0.294685136193074,0.665684203911117,0.648574701211441,-1.56974877615577,0.838263005211293,0.249011235442202,0.423438573246146,-0.069596700013394,-0.480234657685128,0,2
"VZ23B","2020/21",3,2,3,3,5,3,4,2,2,5,3,3,4,3,4,4,4,1,2,5,4,3,4,2,4,2,4,3,3,5,3,5,4,3,3,3,2,4,4,5,1,3,3,4,3,1,4,1,5,3,5,4,4,5,4,2,5,3,5,5,1,1,2,5,5,4,2,4,5,5,2,4,2,5,1,5,5,5,4,5,1,4,2,5,1,5,1,5,23,32,32,26,45,31,38,38,15,47,-0.658815344432141,-0.282066377212517,-0.275430473015634,0.171771433591343,1.27439534788952,0.32425118443338,0.425118040735928,0.237465551702384,-1.20228299273135,1.29912084688526,0,2
"MJ30M","2020/21",4,3,4,2,3,1,4,4,3,4,4,3,4,4,4,5,4,2,4,3,2,4,2,3,3,4,2,4,4,5,2,5,4,4,2,4,4,4,3,5,2,3,3,3,5,2,4,1,4,1,5,3,3,4,4,2,4,3,4,4,4,2,2,3,2,4,1,4,4,4,1,4,2,5,1,5,4,4,2,5,2,4,1,4,1,4,1,4,34,32,33,25,38,36,39,37,16,41,1.22947933996139,-0.282066377212517,-0.0872075376302835,0.0128370110513104,0.168339299649682,1.18093755239657,0.601224846029654,0.0514925301586218,-1.04047066520022,0.231507544143027,0,2
"DA18M","2020/21",4,2,5,1,4,2,5,3,3,5,4,3,5,4,5,4,4,3,3,4,3,5,3,3,5,4,1,5,3,5,2,5,5,4,2,5,2,5,3,5,1,4,2,5,5,2,5,1,5,2,5,2,5,5,4,3,5,2,5,5,4,2,3,5,2,5,1,5,5,5,1,5,2,5,1,5,5,4,2,5,2,5,2,5,1,5,1,5,32,39,38,22,47,37,40,43,14,49,0.886153033708023,1.0636871540672,0.853907139296467,-0.463966256568787,1.59041136167233,1.35227482598921,0.777331651323379,1.1673306594212,-1.36409532026249,1.65499194779934,0,2
"DV11P","2020/21",4,1,5,2,4,2,5,2,2,4,3,1,5,4,5,4,2,1,4,4,4,5,4,3,5,5,1,5,5,3,2,5,5,3,5,5,1,2,4,5,1,5,2,4,4,2,5,3,3,2,5,3,3,4,3,2,5,3,5,5,4,2,3,3,3,5,2,5,5,4,1,5,3,5,3,5,5,4,4,5,1,4,2,4,1,5,2,4,31,42,37,29,40,31,42,39,20,40,0.714489880581338,1.64043866747279,0.665684203911117,0.648574701211441,0.484355313432492,0.32425118443338,1.12954526191083,0.423438573246146,-0.393221355075668,0.0535719936859882,0,2
"TB30P","2020/21",1,3,5,2,2,5,4,1,2,4,3,2,5,4,3,3,3,1,5,3,5,3,1,2,4,3,1,5,3,2,4,5,5,3,5,2,2,5,5,3,2,3,2,2,5,2,5,1,5,5,5,3,1,1,5,5,5,5,5,5,5,1,5,5,5,1,1,1,5,1,1,5,5,1,5,5,5,1,5,1,1,5,5,1,1,1,1,1,16,34,44,30,28,20,32,43,36,30,-1.86045741631894,0.102434631724543,1.98324475160857,0.807509123751473,-1.41174076926437,-1.56045882508563,-0.631522791026426,1.1673306594212,2.19577588542252,-1.7257835108844,0,2
"AD30M","2020/21",3,2,4,4,3,3,4,3,3,5,3,2,5,3,4,3,1,4,4,3,4,2,3,3,4,2,1,4,4,5,4,5,4,3,3,2,2,4,3,4,1,3,3,5,5,3,4,1,5,1,5,2,4,5,4,3,5,1,5,5,4,4,3,5,1,4,2,4,5,5,1,5,3,4,1,5,5,4,2,5,2,5,2,5,1,5,1,5,20,32,32,27,41,39,38,39,16,48,-1.1738048038122,-0.282066377212517,-0.275430473015634,0.330705856131376,0.642363320323897,1.69494937317448,0.425118040735928,0.423438573246146,-1.04047066520022,1.4770563973423,0,2
"MM15C","2020/21",3,1,4,2,4,3,4,4,4,5,4,1,4,3,5,5,5,2,2,5,4,4,2,4,4,3,1,4,2,4,3,5,4,4,2,3,2,4,2,4,3,4,2,2,4,1,5,1,4,2,5,4,3,5,4,1,5,3,5,5,3,1,3,5,3,3,1,5,5,5,1,5,2,3,3,5,5,4,3,3,1,3,1,5,3,4,1,3,26,41,34,17,40,31,40,40,16,41,-0.143825885052086,1.44818816300426,0.101015397755067,-1.25863836926895,0.484355313432492,0.32425118443338,0.777331651323379,0.609411594789909,-1.04047066520022,0.231507544143027,0,2
"MM15NM","2020/21",3,3,4,2,2,3,4,3,4,4,4,2,4,4,4,4,5,2,3,3,3,4,3,3,4,4,2,3,2,3,2,5,4,2,3,4,2,3,4,3,3,5,3,2,4,1,5,2,3,2,4,2,2,3,4,3,5,3,3,4,4,2,3,3,4,3,2,4,4,3,1,3,3,4,2,5,5,3,4,3,2,4,2,3,1,4,1,5,29,38,31,24,31,28,37,39,22,35,0.371163574327968,0.871436649598665,-0.463653408400984,-0.146097411488722,-0.937716748590151,-0.189760636344533,0.249011235442202,0.423438573246146,-0.069596700013394,-0.836105758599206,0,2
"MP09M","2020/21",3,2,5,2,4,2,4,1,3,4,2,3,5,4,4,3,1,1,5,3,3,4,2,2,2,3,2,5,4,5,3,5,5,2,4,4,2,5,4,2,2,4,1,3,3,3,5,2,4,2,4,2,2,3,3,4,5,4,3,4,2,1,4,3,2,2,2,2,4,4,2,4,4,3,2,5,5,1,3,4,3,5,4,3,3,4,4,3,25,33,44,30,33,30,29,39,31,32,-0.315489038178771,-0.0898158727439869,1.98324475160857,0.807509123751473,-0.621700734807342,0.152913910840743,-1.1598432069076,0.423438573246146,1.38671424776684,-1.36991240997032,0,2
"VL26P","2020/21",3,4,4,4,4,4,3,4,4,4,2,3,3,4,3,3,3,3,4,4,5,3,4,3,3,3,4,3,3,5,4,4,4,4,3,3,3,3,3,4,2,3,4,4,4,3,3,2,3,2,3,3,2,4,3,3,3,4,4,2,2,4,4,3,5,3,4,2,4,3,4,3,4,5,3,4,3,2,3,3,3,3,3,4,2,3,4,4,19,26,26,25,38,23,26,24,29,38,-1.34546795693888,-1.4355694040237,-1.40476808532773,0.0128370110513104,0.168339299649682,-1.04644700430772,-1.68816362278878,-2.36615674991029,1.06308959270457,-0.302299107228089,0,2
"NP22M","2020/21",4,4,4,3,3,4,4,4,2,5,3,3,4,5,4,3,1,4,4,4,3,4,3,2,4,2,2,4,4,5,4,4,4,2,3,4,3,4,5,5,1,3,3,4,3,1,5,1,5,2,5,2,4,4,4,1,5,2,4,4,3,2,2,5,4,4,1,4,3,3,1,5,2,5,2,5,4,4,3,4,1,5,2,5,1,4,1,5,23,28,30,33,42,28,41,42,15,44,-0.658815344432141,-1.05106839508664,-0.651876343786334,1.28431239137157,0.800371327215301,-0.189760636344533,0.953438456617105,0.981357637877433,-1.20228299273135,0.765314195514143,0,2
"ZG25SG","2020/21",4,3,3,1,2,2,3,4,4,4,3,4,3,5,4,4,3,2,4,2,1,4,4,2,4,2,3,3,5,3,2,5,3,5,4,4,3,3,3,5,3,5,2,2,3,2,4,2,5,1,5,3,5,4,3,1,5,3,4,4,4,3,3,1,4,3,3,4,4,4,3,3,4,5,4,5,4,4,2,5,2,5,1,3,4,5,1,4,30,31,27,25,31,28,38,35,18,36,0.542826727454653,-0.474316881681047,-1.21654514994238,0.0128370110513104,-0.937716748590151,-0.189760636344533,0.425118040735928,-0.320453512928903,-0.716846010137942,-0.658170208142167,0,2
"MR05B","2020/21",4,3,5,3,4,1,5,4,3,5,4,2,4,4,5,4,4,1,4,5,1,4,3,4,4,2,2,5,3,5,2,5,5,4,2,5,3,4,2,4,1,3,2,4,5,2,5,2,4,1,5,3,3,5,5,3,5,3,5,5,3,1,4,5,3,3,3,3,4,3,1,5,4,5,1,5,5,5,3,5,2,4,2,5,2,5,3,5,33,35,37,23,45,36,37,38,22,45,1.05781618683471,0.294685136193074,0.665684203911117,-0.305031834028755,1.27439534788952,1.18093755239657,0.249011235442202,0.237465551702384,-0.069596700013394,0.943249745971182,0,2
"PM06C","2020/21",4,3,4,1,4,2,4,2,4,5,5,3,5,2,5,4,4,2,2,4,2,3,2,4,5,4,4,4,4,5,2,5,5,4,4,4,4,4,3,5,2,4,2,5,4,2,3,2,5,1,5,4,5,4,4,3,4,2,5,3,4,2,3,5,3,4,2,3,4,4,3,5,3,5,4,4,4,5,3,5,3,5,2,5,1,5,2,5,33,30,38,18,44,30,35,35,17,46,1.05781618683471,-0.666567386149578,0.853907139296467,-1.09970394672892,1.11638734099811,0.152913910840743,-0.103202375145249,-0.320453512928903,-0.878658337669079,1.12118529642822,0,2
"MS31M","2020/21",4,3,3,2,3,2,4,4,3,5,5,3,3,3,4,4,3,4,3,3,3,3,2,2,3,3,2,3,4,4,3,4,3,3,1,5,2,3,3,4,2,4,3,3,4,4,3,4,4,4,2,4,3,4,4,3,1,3,3,3,3,4,3,4,3,3,3,3,3,3,4,3,4,4,3,3,3,3,2,5,3,3,3,4,2,4,4,4,31,32,26,25,38,27,25,22,26,38,0.714489880581338,-0.282066377212517,-1.40476808532773,0.0128370110513104,0.168339299649682,-0.36109790993717,-1.86427042808251,-2.73810279299781,0.577652610111154,-0.302299107228089,0,2
"VM01MS","2020/21",5,2,4,1,3,2,5,3,3,3,4,2,4,3,4,5,5,1,3,3,2,4,3,3,4,4,1,5,3,5,2,5,4,4,5,5,2,5,3,3,3,4,2,4,5,3,5,1,3,2,4,3,3,4,4,2,5,3,3,5,2,1,3,2,3,4,3,5,2,4,3,5,4,5,3,5,5,3,4,5,2,4,2,3,2,5,3,3,35,40,37,21,33,33,34,38,20,31,1.40114249308808,1.25593765853573,0.665684203911117,-0.62290067910882,-0.621700734807342,0.666925731618656,-0.279309180438975,0.237465551702384,-0.393221355075668,-1.54784796042736,0,2
"NF15M","2020/21",5,3,4,3,4,1,4,4,2,5,4,3,4,4,5,5,3,1,3,3,1,3,2,3,5,3,2,5,4,5,1,4,4,3,3,4,2,4,4,4,3,3,2,4,5,2,5,3,5,1,3,1,4,4,3,2,4,2,5,5,3,2,1,4,5,3,4,1,3,4,1,4,3,5,1,4,5,4,5,5,4,5,1,4,3,5,1,3,36,31,36,28,41,33,33,39,19,37,1.57280564621476,-0.474316881681047,0.477461268525767,0.489640278671408,0.642363320323897,0.666925731618656,-0.4554159857327,0.423438573246146,-0.555033682606805,-0.480234657685128,0,2
"AJ15B","2020/21",1,2,5,3,3,5,4,2,3,4,3,2,5,5,5,3,2,1,5,2,5,2,1,3,4,2,3,5,4,5,4,4,5,3,4,2,3,5,5,4,1,3,2,4,4,3,5,1,5,1,5,2,4,5,5,2,5,2,5,4,5,1,2,4,4,5,1,5,5,5,1,5,1,5,1,5,5,5,2,4,1,5,1,5,1,5,1,5,15,29,43,31,38,34,42,44,11,48,-2.03212056944562,-0.858817890618108,1.79502181622322,0.966443546291506,0.168339299649682,0.838263005211293,1.12954526191083,1.35330368096496,-1.8495323028559,1.4770563973423,0,2
"DB22M","2020/21",2,4,4,4,3,5,5,2,2,3,2,1,5,4,5,3,5,1,5,4,5,4,4,3,5,1,1,5,4,1,3,5,5,4,5,2,1,4,4,4,5,3,2,1,4,1,5,5,5,5,5,4,4,5,4,1,5,4,5,5,5,1,5,5,3,4,3,4,5,2,1,5,5,5,5,5,5,4,5,4,1,5,3,5,5,5,1,4,15,39,38,30,28,24,44,40,28,41,-2.03212056944562,1.0636871540672,0.853907139296467,0.807509123751473,-1.41174076926437,-0.875109730715083,1.48175887249828,0.609411594789909,0.901277265173428,0.231507544143027,0,2
"LB13C","2020/21",3,3,3,3,2,4,5,4,2,5,4,2,4,4,4,3,4,3,5,3,4,4,4,4,4,2,1,5,3,5,5,5,4,2,3,4,1,1,2,3,2,3,3,4,4,2,4,4,2,2,5,2,2,3,2,2,3,4,4,2,5,3,3,3,5,5,3,4,3,2,1,3,3,5,5,5,4,2,3,5,1,3,2,3,1,5,3,5,21,38,27,27,37,21,43,30,26,36,-1.00214165068551,0.871436649598665,-1.21654514994238,0.330705856131376,0.0103312927582775,-1.389121551493,1.30565206720456,-1.25031862064771,0.577652610111154,-0.658170208142167,0,2
"SK05N","2020/21",3,2,3,1,4,4,5,3,3,4,2,1,3,2,3,3,2,2,3,4,3,2,5,4,4,2,4,3,3,4,3,4,2,3,2,2,1,1,4,3,3,2,3,3,5,1,5,1,4,3,5,1,5,5,5,5,5,2,5,5,1,1,3,4,5,4,1,5,3,5,2,4,3,5,1,5,5,5,5,5,1,5,1,5,1,5,1,5,20,31,23,21,36,34,35,44,13,42,-1.1738048038122,-0.474316881681047,-1.96943689148378,-0.62290067910882,-0.147676714133127,0.838263005211293,-0.103202375145249,1.35330368096496,-1.52590764779363,0.409443094600066,0,2
"AB21SG","2020/21",4,2,5,3,3,3,4,4,3,4,3,2,5,4,3,3,5,2,4,5,4,4,3,5,3,4,2,5,3,5,4,5,5,4,3,5,4,5,3,5,2,4,3,5,4,1,4,2,3,1,5,3,4,4,4,1,4,3,4,5,5,2,5,5,2,5,3,3,4,4,1,3,2,4,2,5,5,3,2,5,1,3,2,3,2,5,2,5,26,36,37,23,40,35,45,33,22,40,-0.143825885052086,0.486935640661604,0.665684203911117,-0.305031834028755,0.484355313432492,1.00960027880393,1.65786567779201,-0.692399556016427,-0.069596700013394,0.0535719936859882,0,2
"MM02M","2020/21",4,4,4,3,4,2,5,3,3,4,4,3,4,4,4,5,4,2,4,5,4,3,3,5,5,3,2,4,3,5,3,4,4,5,3,4,3,3,3,4,2,3,2,4,4,3,5,1,5,2,5,1,3,5,4,1,5,3,5,5,3,1,2,4,4,4,1,3,5,4,1,5,2,5,3,5,5,3,3,5,1,5,2,5,1,4,2,5,29,31,33,22,42,31,39,44,19,47,0.371163574327968,-0.474316881681047,-0.0872075376302835,-0.463966256568787,0.800371327215301,0.32425118443338,0.601224846029654,1.35330368096496,-0.555033682606805,1.29912084688526,0,2
"SZ11MS","2021/22",5,3,3,3,4,1,5,4,4,4,3,2,3,4,3,3,2,3,2,3,1,1,4,1,4,4,1,2,4,3,1,3,3,4,1,5,4,3,3,4,2,4,2,4,5,3,5,3,4,2,4,3,4,5,5,2,5,2,5,4,2,2,4,4,1,2,1,3,5,4,2,5,3,5,2,3,5,5,3,5,3,5,2,4,4,3,1,4,35,29,25,25,38,36,28,42,20,41,1.40114249308808,-0.858817890618108,-1.59299102071308,0.0128370110513104,0.168339299649682,1.18093755239657,-1.33595001220133,0.981357637877433,-0.393221355075668,0.231507544143027,0,3
"BB28M","2021/22",3,4,5,2,2,4,4,2,4,2,3,1,5,3,4,3,3,1,2,3,4,4,5,4,4,3,2,4,4,3,3,5,5,3,4,3,3,5,3,2,3,2,2,1,4,1,5,1,4,1,5,1,5,4,5,1,5,1,4,4,5,1,1,3,5,5,1,5,5,4,1,5,3,3,1,5,5,5,3,5,1,5,1,3,4,5,1,3,22,32,38,21,26,33,45,45,10,34,-0.830478497558826,-0.282066377212517,0.853907139296467,-0.62290067910882,-1.72775678304718,0.666925731618656,1.65786567779201,1.53927670250872,-2.01134463038704,-1.01404130905624,0,3
"DM05Z","2021/22",2,2,4,5,4,5,4,4,2,2,2,2,4,4,4,3,3,4,4,4,5,3,4,3,3,3,3,3,4,4,4,4,4,3,4,3,3,3,4,4,2,3,5,4,4,3,5,4,5,4,5,2,3,4,2,1,5,5,5,4,3,2,4,5,5,3,3,2,5,4,3,5,4,5,5,5,5,2,5,2,3,3,4,5,1,3,3,5,17,31,25,31,35,20,33,37,32,45,-1.68879426319225,-0.474316881681047,-1.59299102071308,0.966443546291506,-0.305684721024532,-1.56045882508563,-0.4554159857327,0.0514925301586218,1.54852657529798,0.943249745971182,0,3
"NB29P","2021/22",3,2,5,3,4,3,5,2,3,5,3,1,5,4,4,4,3,2,4,5,5,4,3,5,5,4,2,5,3,5,2,5,5,4,3,4,2,5,3,4,2,4,3,5,3,1,5,2,4,3,5,2,3,3,3,1,4,3,5,3,3,1,4,4,5,2,1,5,4,3,1,5,4,5,2,5,5,3,5,1,1,5,3,4,2,3,1,5,26,38,39,23,44,21,38,43,23,39,-0.143825885052086,0.871436649598665,1.04213007468182,-0.305031834028755,1.11638734099811,-1.389121551493,0.425118040735928,1.1673306594212,0.0922156275177431,-0.124363556771051,0,3
"MM21MS","2021/22",3,1,4,2,4,1,5,1,4,4,2,2,4,1,5,3,4,1,1,4,3,2,3,5,5,3,1,4,2,4,1,5,4,5,2,2,1,4,1,5,2,3,1,4,5,2,5,3,5,2,5,3,5,3,3,3,5,3,5,5,5,5,3,4,4,5,3,4,5,4,5,5,5,3,1,5,5,5,3,3,1,3,1,5,1,5,3,5,26,38,38,11,43,31,38,33,19,43,-0.143825885052086,0.871436649598665,0.853907139296467,-2.21224490450915,0.958379334106706,0.32425118443338,0.425118040735928,-0.692399556016427,-0.555033682606805,0.587378645057105,0,3
"MF26M","2021/22",3,4,4,3,3,4,4,4,2,5,2,3,4,3,4,3,2,2,4,5,5,4,4,4,2,3,2,4,3,5,3,5,5,4,3,2,2,5,2,4,2,4,4,5,4,2,4,2,4,2,4,4,3,4,2,1,4,2,5,3,3,3,2,3,4,4,3,4,4,4,2,3,2,5,2,4,5,4,4,2,1,4,2,4,1,4,3,4,19,32,32,23,40,25,37,31,17,40,-1.34546795693888,-0.282066377212517,-0.275430473015634,-0.305031834028755,0.484355313432492,-0.703772457122446,0.249011235442202,-1.06434559910395,-0.878658337669079,0.0535719936859882,0,3
"KR24M","2021/22",4,4,5,3,2,2,4,2,1,2,2,4,4,4,3,3,4,2,5,3,4,3,4,2,3,2,3,4,4,3,4,4,4,2,4,3,4,4,4,2,4,3,2,2,2,3,5,4,3,5,3,4,1,2,2,3,5,5,5,3,5,1,5,4,1,2,4,4,2,1,1,5,4,5,4,4,5,1,4,2,1,5,5,5,3,1,2,4,22,27,35,33,24,18,31,38,35,35,-0.830478497558826,-1.24331889955517,0.289238333140417,1.28431239137157,-2.04377279682998,-1.90313337227091,-0.807629596320152,0.237465551702384,2.03396355789139,-0.836105758599206,0,3
"BM22M","2021/22",4,1,5,2,4,2,5,3,3,5,5,1,5,4,5,5,5,3,3,4,2,4,2,3,4,4,1,5,3,3,2,4,5,4,1,5,1,4,2,4,3,4,2,2,5,1,5,2,5,1,5,1,4,5,4,1,5,2,5,5,3,1,4,2,4,4,1,5,4,4,1,5,2,5,1,5,5,4,1,5,1,5,1,5,3,5,1,5,35,42,38,22,39,35,42,45,16,44,1.40114249308808,1.64043866747279,0.853907139296467,-0.463966256568787,0.326347306541087,1.00960027880393,1.12954526191083,1.53927670250872,-1.04047066520022,0.765314195514143,0,3
"PB19M","2021/22",4,2,4,4,4,1,5,3,3,4,3,2,4,3,5,4,3,4,4,5,2,4,4,3,5,4,1,3,2,5,3,5,4,4,2,4,1,3,4,5,2,4,3,5,3,1,5,2,5,1,5,2,3,4,4,2,5,3,5,5,4,3,3,5,4,5,3,4,3,3,1,5,3,5,5,5,5,4,1,5,4,5,4,5,5,5,1,5,31,39,28,25,46,28,40,40,22,43,0.714489880581338,1.0636871540672,-1.02832221455703,0.0128370110513104,1.43240335478092,-0.189760636344533,0.777331651323379,0.609411594789909,-0.069596700013394,0.587378645057105,0,3
"NM09C","2021/22",5,2,4,1,3,2,5,4,4,4,4,1,3,2,5,2,5,1,4,5,3,5,2,3,4,2,1,3,2,4,4,5,4,3,4,3,1,3,4,5,1,3,1,4,4,2,5,1,4,3,5,3,2,4,4,2,5,3,5,4,5,1,3,4,5,5,1,3,5,4,1,5,2,4,2,5,5,3,4,4,2,5,4,4,3,4,2,5,25,42,33,21,41,28,41,42,23,40,-0.315489038178771,1.64043866747279,-0.0872075376302835,-0.62290067910882,0.642363320323897,-0.189760636344533,0.953438456617105,0.981357637877433,0.0922156275177431,0.0535719936859882,0,3
"BG13C","2021/22",5,4,4,3,3,2,3,4,3,4,4,2,4,4,4,4,4,3,5,4,2,4,2,3,4,4,3,4,3,4,2,4,4,1,4,5,3,4,5,3,2,5,3,2,5,3,4,2,4,1,4,4,4,4,3,2,4,4,4,4,5,4,3,3,2,4,3,4,4,5,2,4,2,3,2,4,5,3,3,5,1,3,2,4,4,4,2,2,34,32,32,31,34,35,37,31,20,33,1.22947933996139,-0.282066377212517,-0.275430473015634,0.966443546291506,-0.463692727915937,1.00960027880393,0.249011235442202,-1.06434559910395,-0.393221355075668,-1.19197685951328,0,3
"DP11B","2021/22",3,2,4,4,2,2,4,5,2,5,4,2,4,4,4,4,5,5,5,2,4,4,5,3,2,4,2,4,4,4,4,5,5,2,2,4,2,2,4,3,2,4,4,5,4,3,5,3,4,2,5,4,4,4,4,2,5,3,4,4,4,1,3,3,3,4,1,4,4,4,1,5,2,3,2,5,5,3,3,5,2,4,2,3,2,4,2,4,27,38,24,32,35,32,38,40,20,36,0.0278372680745986,0.871436649598665,-1.78121395609843,1.12537796883154,-0.305684721024532,0.495588458026018,0.425118040735928,0.609411594789909,-0.393221355075668,-0.658170208142167,0,3
"TK25C","2021/22",3,2,4,3,3,1,4,4,3,5,4,1,4,4,4,4,4,3,3,3,4,2,4,3,4,4,3,4,3,5,2,5,5,4,3,5,1,3,2,3,2,4,3,4,4,2,4,2,3,2,4,3,4,4,3,2,4,3,4,5,4,3,2,3,2,3,2,3,4,5,3,4,3,4,2,5,5,3,3,5,2,2,3,4,2,4,2,5,31,36,30,23,38,34,35,33,21,38,0.714489880581338,0.486935640661604,-0.651876343786334,-0.305031834028755,0.168339299649682,0.838263005211293,-0.103202375145249,-0.692399556016427,-0.231409027544531,-0.302299107228089,0,3
"MM07SB","2021/22",3,2,4,2,3,4,4,2,2,4,4,2,5,4,3,3,4,2,3,3,4,4,2,3,2,2,1,4,4,5,3,4,4,2,4,2,2,4,4,5,4,2,3,5,2,2,4,1,2,2,4,5,4,4,4,1,4,2,4,3,4,2,1,1,4,5,2,5,2,2,2,4,2,1,4,5,2,5,2,1,2,1,2,1,5,2,4,4,21,35,36,28,34,20,37,26,12,24,-1.00214165068551,0.294685136193074,0.477461268525767,0.489640278671408,-0.463692727915937,-1.56045882508563,0.249011235442202,-1.99421070682276,-1.68771997532476,-2.79339681362663,0,3
"MI27T","2021/22",3,4,4,2,2,3,4,3,2,5,5,2,4,4,5,3,4,3,4,4,3,5,2,3,4,4,3,4,4,2,3,4,4,2,2,3,3,2,3,4,4,3,4,3,4,2,5,3,3,2,5,3,2,5,4,3,5,4,4,4,3,2,4,3,4,4,2,1,4,4,2,4,4,2,3,5,5,2,2,4,4,5,4,3,2,4,2,3,27,32,30,28,35,29,34,39,32,35,0.0278372680745986,-0.282066377212517,-0.651876343786334,0.489640278671408,-0.305684721024532,-0.018423362751895,-0.279309180438975,0.423438573246146,1.54852657529798,-0.836105758599206,0,3
"PG31C","2021/22",3,4,4,2,4,3,4,2,1,4,2,2,4,4,4,4,5,2,5,4,4,2,2,2,4,3,4,5,4,5,4,5,5,2,2,3,4,5,4,4,2,3,2,4,3,5,5,3,3,3,4,4,1,4,2,3,4,5,5,1,4,3,5,5,5,2,2,2,3,2,3,5,5,5,5,5,5,1,5,2,5,5,4,5,3,2,3,4,22,29,39,32,41,15,25,36,36,38,-0.830478497558826,-0.858817890618108,1.04213007468182,1.12537796883154,0.642363320323897,-2.41714519304882,-1.86427042808251,-0.134480491385141,2.19577588542252,-0.302299107228089,0,3
"IZ19NM","2021/22",4,3,4,1,3,2,3,3,3,5,5,1,4,4,5,5,4,2,2,4,3,5,2,4,4,3,1,4,2,2,3,5,4,3,3,3,1,4,2,5,4,3,2,2,3,3,4,2,4,2,4,5,3,3,4,2,4,4,5,4,3,4,4,5,2,2,4,2,3,4,1,4,4,4,4,5,4,2,3,2,1,4,3,4,2,3,3,2,30,38,35,19,35,27,34,28,28,37,0.542826727454653,0.871436649598665,0.289238333140417,-0.940769524188885,-0.305684721024532,-0.36109790993717,-0.279309180438975,-1.62226466373524,0.901277265173428,-0.480234657685128,0,3
"DS27P","2021/22",4,2,4,4,5,2,4,5,4,5,3,1,4,5,5,5,3,2,5,5,3,4,2,2,4,3,2,4,5,5,3,5,4,4,3,4,3,4,4,5,1,4,3,5,4,2,5,3,3,1,4,2,2,4,4,1,5,3,5,5,4,1,4,3,5,4,2,5,4,3,1,5,4,5,4,5,5,4,5,5,2,5,3,5,1,4,2,5,29,36,32,31,47,29,39,42,24,40,0.371163574327968,0.486935640661604,-0.275430473015634,0.966443546291506,1.59041136167233,-0.018423362751895,0.601224846029654,0.981357637877433,0.25402795504888,0.0535719936859882,0,3
"LZ22M","2021/22",4,2,5,4,4,4,4,2,2,5,3,2,5,4,5,4,3,1,5,5,4,4,3,4,4,4,1,5,4,5,4,5,5,2,4,4,1,5,5,5,1,4,2,5,3,2,5,1,5,3,5,4,5,5,5,1,5,4,5,4,4,1,5,5,5,2,4,4,4,4,1,5,4,5,4,5,5,1,4,5,1,5,4,4,1,5,1,5,25,38,41,32,45,27,40,39,26,45,-0.315489038178771,0.871436649598665,1.41857594545252,1.12537796883154,1.27439534788952,-0.36109790993717,0.777331651323379,0.423438573246146,0.577652610111154,0.943249745971182,0,3
"ZF06SG","2021/22",5,1,5,1,4,1,5,3,4,5,3,1,5,2,4,4,4,2,1,4,2,5,4,3,4,4,1,4,2,5,1,5,5,3,3,5,1,5,1,5,1,5,2,4,5,3,5,2,5,1,5,4,4,5,5,1,5,2,5,5,5,3,2,5,1,5,1,4,5,4,1,5,3,5,1,5,5,2,1,5,1,4,2,5,1,5,1,5,35,44,37,15,43,39,43,39,19,50,1.40114249308808,2.02493967640985,0.665684203911117,-1.57650721434902,0.958379334106706,1.69494937317448,1.30565206720456,0.423438573246146,-0.555033682606805,1.83292749825638,0,3
"SB10SG","2021/22",1,1,4,5,3,5,5,3,1,5,2,2,5,5,4,5,3,3,5,5,4,2,5,1,4,2,1,4,3,5,5,5,5,3,4,2,1,3,5,5,5,3,3,5,2,2,5,4,5,4,5,2,2,4,2,2,5,5,5,4,3,3,5,3,5,3,2,4,4,2,2,5,5,5,5,5,5,2,4,2,1,4,5,4,1,3,2,5,16,37,31,36,39,16,36,39,34,42,-1.86045741631894,0.679186145130134,-0.463653408400984,1.76111565899167,0.326347306541087,-2.24580791945618,0.0729044301484766,0.423438573246146,1.87215123036025,0.409443094600066,0,3
"RG04MS","2021/22",1,2,3,5,3,5,4,5,1,2,1,2,3,5,3,2,5,3,5,4,5,3,4,2,2,1,3,3,5,5,5,5,4,1,5,1,4,3,5,2,3,2,5,4,1,1,5,3,4,5,5,1,2,3,3,1,5,3,5,3,4,4,5,5,5,1,1,3,5,2,2,5,3,3,5,5,5,4,5,1,3,5,3,4,2,3,1,3,9,32,23,39,29,13,35,42,26,37,-3.06209948820573,-0.282066377212517,-1.96943689148378,2.23791892661177,-1.25373276237296,-2.7598197402341,-0.103202375145249,0.981357637877433,0.577652610111154,-0.480234657685128,0,3
"TA04NM","2021/22",2,1,5,2,4,3,5,1,2,4,2,1,5,4,5,3,5,2,4,3,5,3,1,5,5,3,2,5,1,5,2,5,5,4,3,2,1,4,3,5,1,3,1,5,1,1,5,4,5,5,5,1,3,4,2,1,5,4,5,3,4,3,5,4,5,5,1,4,5,3,2,5,3,5,5,5,5,3,4,1,1,5,3,4,1,3,1,5,20,40,43,21,44,13,41,43,27,44,-1.1738048038122,1.25593765853573,1.79502181622322,-0.62290067910882,1.11638734099811,-2.7598197402341,0.953438456617105,1.1673306594212,0.739464937642291,0.765314195514143,0,3
"VM01Č","2021/22",3,4,4,3,2,5,4,3,2,4,1,3,4,5,3,2,3,3,5,5,4,1,4,2,3,2,3,3,4,4,4,4,4,2,4,1,3,2,5,3,2,3,4,4,5,4,5,4,5,4,5,1,5,5,4,4,5,3,5,5,3,3,4,5,3,3,2,3,4,5,1,5,2,5,1,5,5,4,4,4,1,5,2,5,1,5,1,5,14,26,27,34,34,33,35,42,21,46,-2.20378372257231,-1.4355694040237,-1.21654514994238,1.4432468139116,-0.463692727915937,0.666925731618656,-0.103202375145249,0.981357637877433,-0.231409027544531,1.12118529642822,0,3
"DS31B","2021/22",3,2,4,3,4,5,4,3,2,5,4,3,4,5,4,4,3,1,5,4,3,4,2,2,3,4,3,5,2,5,2,4,4,2,4,4,2,4,4,4,2,4,4,4,5,3,5,1,5,3,5,2,4,5,5,4,5,4,5,4,4,3,5,4,5,4,2,1,4,3,2,5,2,5,3,5,5,2,3,5,3,5,4,4,2,4,4,4,27,33,35,31,39,29,34,38,27,43,0.0278372680745986,-0.0898158727439869,0.289238333140417,0.966443546291506,0.326347306541087,-0.018423362751895,-0.279309180438975,0.237465551702384,0.739464937642291,0.587378645057105,0,3
"MZ28M","2021/22",3,4,4,2,3,2,2,2,3,5,3,2,3,4,4,3,3,4,4,5,2,4,5,2,3,2,1,3,3,5,3,3,3,3,5,4,1,3,4,4,1,3,4,5,3,3,3,3,3,3,4,3,2,5,3,3,3,3,4,4,3,3,4,4,3,3,4,2,3,2,2,3,3,4,4,3,3,2,2,3,2,3,4,3,1,3,3,5,26,31,25,27,40,23,30,26,29,40,-0.143825885052086,-0.474316881681047,-1.59299102071308,0.330705856131376,0.484355313432492,-1.04644700430772,-0.983736401613878,-1.99421070682276,1.06308959270457,0.0535719936859882,0,3
"AM09M","2022/23",3,4,5,2,3,3,3,2,5,4,3,3,5,3,5,3,2,1,2,3,4,2,2,5,5,5,4,5,2,4,1,4,5,5,4,4,4,5,3,5,2,3,1,2,5,3,3,4,4,2,4,3,3,4,4,3,4,4,5,5,4,3,3,4,3,3,2,3,4,4,3,5,3,4,3,4,4,4,4,4,3,4,3,4,3,4,3,4,28,23,43,15,37,32,31,33,25,38,0.199500421201284,-2.01232091742929,1.79502181622322,-1.57650721434902,0.0103312927582775,0.495588458026018,-0.807629596320152,-0.692399556016427,0.415840282580017,-0.302299107228089,0,4
"DD01P","2022/23",5,2,5,1,4,1,4,3,4,5,4,1,5,2,5,5,2,1,1,4,3,3,1,4,5,5,3,5,1,3,1,4,5,5,3,4,1,5,2,5,4,4,1,3,5,2,5,3,4,1,4,3,4,5,3,1,5,4,5,3,3,2,3,2,4,2,1,4,5,4,2,5,4,5,2,4,5,3,2,5,3,5,2,5,1,3,1,5,36,34,43,12,39,31,32,42,23,45,1.57280564621476,0.102434631724543,1.79502181622322,-2.05331048196911,0.326347306541087,0.32425118443338,-0.631522791026426,0.981357637877433,0.0922156275177431,0.943249745971182,0,4
"UM25C","2022/23",2,3,3,3,4,3,4,4,4,3,2,2,4,4,4,2,5,3,4,5,4,4,4,3,2,3,2,2,4,4,4,5,4,3,4,4,2,4,4,4,2,3,2,4,3,2,4,1,5,3,5,4,4,5,4,1,5,3,5,5,4,2,2,5,4,4,3,3,5,4,1,4,3,5,3,5,5,4,3,3,2,3,3,5,1,5,1,5,20,36,28,27,36,27,41,35,19,48,-1.1738048038122,0.486935640661604,-1.02832221455703,0.330705856131376,-0.147676714133127,-0.36109790993717,0.953438456617105,-0.320453512928903,-0.555033682606805,1.4770563973423,0,4
"TB11P","2022/23",4,4,4,3,4,3,5,4,4,4,5,3,4,3,4,3,3,3,3,4,2,3,3,3,3,5,5,3,5,5,3,5,4,3,4,3,3,4,4,3,3,3,4,4,3,2,4,2,3,2,4,3,3,4,4,3,4,4,4,3,3,3,3,2,3,3,3,3,2,4,3,2,4,4,2,4,3,3,2,4,2,2,3,3,2,4,3,4,30,28,29,26,36,29,32,27,25,34,0.542826727454653,-1.05106839508664,-0.840099279171684,0.171771433591343,-0.147676714133127,-0.018423362751895,-0.631522791026426,-1.808237685279,0.415840282580017,-1.01404130905624,0,4
"TA14NM","2022/23",2,3,5,3,4,5,4,5,3,4,3,2,5,4,4,3,4,1,4,4,4,5,3,3,4,3,1,5,4,4,5,5,5,3,3,3,2,5,4,4,2,4,3,4,1,3,5,3,2,2,4,1,3,4,4,4,5,4,2,4,3,1,2,3,3,2,3,2,4,3,2,5,4,5,3,5,5,3,5,3,2,5,2,2,2,4,2,5,18,38,37,28,39,25,31,42,25,32,-1.51713111006557,0.871436649598665,0.665684203911117,0.489640278671408,0.326347306541087,-0.703772457122446,-0.807629596320152,0.981357637877433,0.415840282580017,-1.36991240997032,0,4
"JS30C","2022/23",3,2,3,4,4,2,3,4,1,5,4,4,5,4,4,3,4,2,5,4,2,3,3,1,4,2,2,4,5,5,3,4,3,3,4,2,2,3,5,5,1,4,5,3,2,1,4,2,5,2,5,4,2,5,4,4,5,5,5,5,5,3,2,5,1,5,4,1,5,2,1,5,5,5,5,5,5,2,2,2,1,4,3,4,1,4,4,4,25,32,28,36,41,25,41,32,30,47,-0.315489038178771,-0.282066377212517,-1.02832221455703,1.76111565899167,0.642363320323897,-0.703772457122446,0.953438456617105,-0.87837257756019,1.2249019202357,1.29912084688526,0,4
"TM26C","2022/23",4,2,4,2,3,4,3,2,3,3,3,1,4,4,3,3,3,2,3,2,4,3,4,4,4,4,4,4,2,1,2,5,4,3,3,4,2,4,2,5,5,3,2,2,3,1,1,1,5,2,5,1,5,4,4,1,5,2,5,5,4,2,1,5,5,5,3,5,5,4,1,5,4,5,1,5,5,5,4,3,1,5,1,5,5,5,1,3,26,32,34,21,27,29,44,38,12,40,-0.143825885052086,-0.282066377212517,0.101015397755067,-0.62290067910882,-1.56974877615577,-0.018423362751895,1.48175887249828,0.237465551702384,-1.68771997532476,0.0535719936859882,0,4
"BM29C","2022/23",4,2,3,2,3,2,4,3,3,5,4,2,4,2,4,4,5,3,3,4,2,5,2,4,4,4,2,3,4,4,2,5,3,2,2,5,3,3,3,3,2,4,4,4,5,1,5,1,5,2,5,2,4,5,5,1,5,1,3,3,4,3,3,3,1,4,3,5,5,5,1,4,4,3,1,5,5,4,4,5,1,3,1,1,4,4,1,5,33,38,28,23,39,37,42,37,15,34,1.05781618683471,0.871436649598665,-1.02832221455703,-0.305031834028755,0.326347306541087,1.35227482598921,1.12954526191083,0.0514925301586218,-1.20228299273135,-1.01404130905624,0,4
"PA10C","2022/23",4,1,4,1,5,2,5,3,4,5,4,1,4,3,4,5,3,4,1,5,5,5,4,4,4,4,2,5,3,5,3,5,4,4,2,4,3,4,1,4,1,4,2,5,5,1,3,4,5,2,5,3,5,5,4,1,5,2,4,5,4,5,2,5,5,5,5,5,5,5,1,4,3,5,2,5,5,5,3,4,1,4,1,5,5,5,1,5,29,39,32,15,46,32,44,31,15,43,0.371163574327968,1.0636871540672,-0.275430473015634,-1.57650721434902,1.43240335478092,0.495588458026018,1.48175887249828,-1.06434559910395,-1.20228299273135,0.587378645057105,0,4
"MB14SG","2022/23",4,3,5,2,3,2,3,1,2,4,3,3,5,4,5,4,2,1,4,4,4,1,3,2,4,4,2,4,4,5,4,4,4,4,2,3,2,4,4,3,2,4,4,5,4,1,5,2,4,2,4,1,4,3,3,2,5,1,5,4,4,3,2,3,4,3,5,5,4,5,4,4,5,5,1,4,5,4,3,4,4,4,1,5,3,4,2,5,26,28,37,28,41,31,32,36,16,40,-0.143825885052086,-1.05106839508664,0.665684203911117,0.489640278671408,0.642363320323897,0.32425118443338,-0.631522791026426,-0.134480491385141,-1.04047066520022,0.0535719936859882,0,4
"TM31B","2022/23",2,4,4,3,3,3,4,2,1,4,2,3,5,4,5,3,1,2,5,4,2,3,4,2,4,2,5,4,5,4,4,5,4,2,5,1,4,2,5,5,2,3,2,5,2,3,5,2,4,4,2,1,1,2,3,3,3,4,4,4,2,4,5,3,2,2,4,2,2,2,2,5,5,4,4,3,4,1,5,2,4,4,4,4,4,2,3,2,19,24,33,35,39,21,23,33,34,28,-1.34546795693888,-1.82007041296076,-0.0872075376302835,1.60218123645164,0.326347306541087,-1.389121551493,-2.21648403866996,-0.692399556016427,1.87215123036025,-2.08165461179848,0,4
"DF07SG","2022/23",3,2,5,3,3,3,4,2,3,5,3,1,5,4,5,5,4,2,4,3,4,3,2,4,4,4,2,4,2,5,4,5,4,4,3,3,1,3,4,5,1,3,2,4,4,1,5,4,5,3,5,1,3,5,2,1,5,3,5,5,4,2,4,5,5,5,2,4,4,3,1,5,2,5,3,5,5,2,3,3,1,3,2,5,1,3,2,5,25,37,37,24,42,24,42,40,24,47,-0.315489038178771,0.679186145130134,0.665684203911117,-0.146097411488722,0.800371327215301,-0.875109730715083,1.12954526191083,0.609411594789909,0.25402795504888,1.29912084688526,0,4
"VA02V","2022/23",3,2,5,3,3,3,3,2,3,5,2,2,4,4,4,4,3,2,4,3,4,3,2,3,4,3,2,4,4,5,4,5,4,3,3,2,2,4,3,5,2,3,2,4,4,1,5,2,4,2,4,2,4,5,3,1,5,3,4,5,4,1,3,3,3,4,2,4,4,3,1,5,3,5,3,5,5,3,2,3,2,5,3,4,1,2,2,4,21,33,37,27,40,28,38,42,21,42,-1.00214165068551,-0.0898158727439869,0.665684203911117,0.330705856131376,0.484355313432492,-0.189760636344533,0.425118040735928,0.981357637877433,-0.231409027544531,0.409443094600066,0,4
"BM14B","2022/23",3,2,4,3,3,2,4,3,2,4,3,2,4,4,3,3,4,3,4,4,2,4,1,2,4,3,2,2,2,4,2,5,4,2,3,3,1,3,2,4,3,4,2,5,4,2,5,2,4,3,5,3,2,5,5,1,5,3,4,4,5,4,2,4,4,5,1,3,4,4,1,4,2,5,3,5,5,3,4,3,2,5,2,5,1,4,3,5,27,38,32,27,37,28,42,37,21,43,0.0278372680745986,0.871436649598665,-0.275430473015634,0.330705856131376,0.0103312927582775,-0.189760636344533,1.12954526191083,0.0514925301586218,-0.231409027544531,0.587378645057105,0,4
"LB17M","2022/23",3,1,4,3,1,2,4,3,2,2,4,2,3,4,4,3,5,1,4,1,2,4,2,2,3,3,2,4,3,3,2,4,4,1,5,4,2,5,4,4,3,3,4,3,4,3,4,2,3,2,5,2,4,4,5,2,5,3,4,5,5,2,5,2,3,3,2,4,4,4,2,4,2,4,2,5,5,4,5,3,2,5,2,3,3,2,3,3,29,37,34,31,25,32,35,38,20,31,0.371163574327968,0.679186145130134,0.101015397755067,0.966443546291506,-1.88576478993858,0.495588458026018,-0.103202375145249,0.237465551702384,-0.393221355075668,-1.54784796042736,0,4
"KB22P","2022/23",3,1,4,1,3,2,5,4,3,4,4,2,5,4,3,4,5,2,2,5,4,2,1,3,3,2,2,4,4,5,3,4,4,2,5,4,3,5,3,3,1,4,2,4,3,5,5,4,4,3,5,4,3,4,5,3,5,3,4,4,5,2,3,4,3,5,1,3,4,4,1,5,3,4,2,5,5,3,5,3,3,5,4,4,3,4,2,4,26,36,37,24,36,29,36,40,26,36,-0.143825885052086,0.486935640661604,0.665684203911117,-0.146097411488722,-0.147676714133127,-0.018423362751895,0.0729044301484766,0.609411594789909,0.577652610111154,-0.658170208142167,0,4
"JA08M","2022/23",3,4,4,4,2,5,3,3,1,3,2,2,4,4,4,2,1,2,4,5,4,3,3,2,4,2,4,5,4,4,4,4,4,5,5,2,3,4,2,2,1,3,2,4,4,3,5,2,5,4,5,3,3,4,4,2,5,4,5,3,3,1,4,3,5,2,1,3,5,3,3,5,4,5,3,4,5,3,5,3,4,5,4,5,4,3,3,2,16,25,35,28,34,23,29,41,27,37,-1.86045741631894,-1.62781990849223,0.289238333140417,0.489640278671408,-0.463692727915937,-1.04644700430772,-1.1598432069076,0.795384616333671,0.739464937642291,-0.480234657685128,0,4
"NA27C","2022/23",4,2,3,3,4,2,4,4,3,5,4,3,4,4,4,5,4,4,4,4,2,3,4,4,3,4,2,4,3,5,4,4,4,3,2,4,2,3,4,5,2,4,4,4,5,1,3,3,4,2,5,4,3,5,5,3,4,4,5,5,5,5,5,5,1,5,4,3,4,3,1,3,2,5,3,5,4,1,1,5,1,2,4,4,2,5,5,5,31,34,26,26,42,35,43,22,29,46,0.714489880581338,0.102434631724543,-1.40476808532773,0.171771433591343,0.800371327215301,1.00960027880393,1.30565206720456,-2.73810279299781,1.06308959270457,1.12118529642822,0,4
"SM28MS","2022/23",4,2,3,2,4,1,4,3,1,5,4,3,3,4,4,4,4,3,4,4,3,4,5,2,4,4,1,3,1,5,1,5,3,4,4,4,2,2,3,4,1,4,3,5,5,3,4,2,3,1,5,1,2,5,4,1,5,3,5,5,4,1,2,5,2,3,3,4,4,4,2,2,2,5,1,5,5,3,1,5,1,4,1,5,1,5,1,5,33,37,24,25,42,37,39,38,19,47,1.05781618683471,0.679186145130134,-1.78121395609843,0.0128370110513104,0.800371327215301,1.35227482598921,0.601224846029654,0.237465551702384,-0.555033682606805,1.29912084688526,0,4
"NI02C","2022/23",4,3,4,1,4,2,3,2,3,5,4,2,4,4,5,4,3,1,3,4,2,4,1,4,4,3,2,5,3,3,2,5,5,4,4,4,2,5,4,5,2,5,1,3,5,4,4,2,4,3,3,4,2,4,5,4,5,4,5,4,3,1,4,4,3,3,1,3,5,4,4,4,5,5,4,4,5,3,1,3,3,5,3,4,3,3,3,4,31,35,42,22,39,29,25,38,28,43,0.714489880581338,0.294685136193074,1.60679888083787,-0.463966256568787,0.326347306541087,-0.018423362751895,-1.86427042808251,0.237465551702384,0.901277265173428,0.587378645057105,0,4
"MR25M","2022/23",4,3,4,3,5,1,3,4,2,4,2,4,3,4,5,3,2,3,4,5,1,2,2,1,5,3,3,3,4,4,2,4,3,2,2,4,3,2,4,5,1,3,3,5,5,1,5,2,4,2,5,4,2,5,3,1,5,5,5,5,4,4,4,5,1,2,3,3,5,3,2,5,4,3,3,4,5,2,1,5,1,5,4,4,3,2,4,5,30,25,27,32,47,33,36,34,30,44,0.542826727454653,-1.62781990849223,-1.21654514994238,1.12537796883154,1.59041136167233,0.666925731618656,0.0729044301484766,-0.506426534472665,1.2249019202357,0.765314195514143,0,4
"SR24C","2022/23",5,1,4,2,4,2,5,4,2,4,5,2,4,4,4,5,5,2,2,4,3,5,2,2,4,4,1,4,2,4,1,5,4,2,2,5,1,4,4,5,2,5,4,4,5,2,3,2,4,1,4,3,3,4,4,2,5,3,5,5,3,3,3,2,2,4,2,4,4,4,1,4,3,3,3,5,5,3,1,5,2,4,1,3,3,5,2,4,36,44,32,26,41,35,38,35,20,37,1.57280564621476,2.02493967640985,-0.275430473015634,0.171771433591343,0.642363320323897,1.00960027880393,0.425118040735928,-0.320453512928903,-0.393221355075668,-0.480234657685128,0,4
"PI10M","2022/23",5,3,4,2,3,1,4,3,2,3,3,2,5,3,4,4,4,3,4,2,3,4,3,2,5,4,2,3,4,5,3,5,5,2,3,4,2,5,4,4,3,4,3,4,5,2,5,1,5,3,5,2,4,4,5,2,5,4,4,3,4,3,2,3,3,3,4,4,5,4,1,5,5,4,3,5,4,3,2,5,2,4,2,4,1,5,3,5,31,36,34,29,36,31,39,35,21,43,0.714489880581338,0.486935640661604,0.101015397755067,0.648574701211441,-0.147676714133127,0.32425118443338,0.601224846029654,-0.320453512928903,-0.231409027544531,0.587378645057105,0,4
"SB20MS","2022/23",1,1,4,5,3,5,5,2,2,4,3,1,5,5,5,4,2,1,5,3,5,2,4,2,3,1,1,4,5,5,5,4,5,1,5,1,2,4,5,3,1,2,5,4,5,2,5,2,4,1,5,4,2,5,5,1,5,3,5,5,5,1,2,4,3,3,2,1,5,4,1,5,1,5,1,5,5,1,3,3,1,5,1,5,4,5,1,5,13,34,34,38,36,35,42,41,23,43,-2.37544687569899,0.102434631724543,0.101015397755067,2.07898450407173,-0.147676714133127,1.00960027880393,1.12954526191083,0.795384616333671,0.0922156275177431,0.587378645057105,0,4
"UP22C","2022/23",2,1,5,1,4,4,5,1,3,3,4,2,5,2,4,4,5,1,3,4,5,4,3,4,4,3,1,4,3,5,4,5,5,4,4,2,1,4,2,3,2,4,1,5,3,1,5,2,4,4,5,3,3,4,4,1,5,2,5,5,4,1,4,4,4,5,2,5,4,4,1,5,2,5,2,5,5,4,1,4,1,5,2,4,1,4,1,5,20,42,41,18,38,28,43,42,18,45,-1.1738048038122,1.64043866747279,1.41857594545252,-1.09970394672892,0.168339299649682,-0.189760636344533,1.30565206720456,0.981357637877433,-0.716846010137942,0.943249745971182,0,4
"VF03SG","2022/23",3,1,4,4,2,4,4,4,1,3,3,1,4,5,4,3,4,2,5,3,4,4,4,2,1,1,1,3,4,4,4,5,3,1,4,4,2,1,5,2,4,3,5,1,3,2,5,4,3,3,5,1,2,3,2,1,5,3,5,4,4,2,5,5,3,4,3,1,4,2,1,5,3,2,4,5,5,1,3,4,3,2,5,3,4,4,4,3,20,39,24,37,24,23,39,36,34,33,-1.1738048038122,1.0636871540672,-1.78121395609843,1.9200500815317,-2.04377279682998,-1.04644700430772,0.601224846029654,-0.134480491385141,1.87215123036025,-1.19197685951328,0,4
"MM24P","2022/23",4,4,4,3,5,2,5,2,1,4,5,2,5,3,5,4,5,1,5,5,3,5,4,1,5,4,1,4,5,5,3,5,4,3,4,4,3,4,3,5,1,5,3,5,5,2,5,3,5,2,4,3,3,4,3,2,5,3,5,3,3,1,3,5,3,4,3,3,5,5,3,5,4,5,2,5,5,4,5,4,1,4,2,4,2,4,2,5,31,39,35,32,46,31,36,39,23,43,0.714489880581338,1.0636871540672,0.289238333140417,1.12537796883154,1.43240335478092,0.32425118443338,0.0729044301484766,0.423438573246146,0.0922156275177431,0.587378645057105,0,4
"MD28M","2022/23",4,2,4,1,2,2,4,2,3,3,4,2,4,4,4,5,5,4,2,2,3,2,3,4,2,4,2,4,2,4,3,4,4,4,4,4,3,2,2,4,2,4,4,4,4,3,5,2,2,3,4,2,2,2,3,1,4,4,4,3,1,4,4,1,4,1,2,4,3,3,2,5,4,2,4,4,4,3,2,2,4,3,4,2,5,1,2,2,31,34,29,18,31,22,25,35,27,23,0.714489880581338,0.102434631724543,-0.840099279171684,-1.09970394672892,-0.937716748590151,-1.21778427790036,-1.86427042808251,-0.320453512928903,0.739464937642291,-2.97133236408367,0,4
"NA01C","2022/23",5,2,5,3,4,1,5,1,1,4,3,1,5,5,5,4,2,1,5,5,2,3,1,1,4,3,1,5,5,5,2,5,5,3,3,3,1,3,5,5,1,2,1,5,5,1,5,1,5,1,5,2,1,5,4,1,5,3,5,5,3,3,5,5,1,4,2,3,5,2,1,5,2,5,1,5,5,2,2,5,1,5,3,5,1,3,2,5,31,36,43,36,45,36,40,40,26,49,0.714489880581338,0.486935640661604,1.79502181622322,1.76111565899167,1.27439534788952,1.18093755239657,0.777331651323379,0.609411594789909,0.577652610111154,1.65499194779934,0,4
"MA07B","2023/24",4,2,5,2,3,1,4,5,4,4,4,2,4,3,4,5,5,3,2,5,3,5,2,4,5,4,1,4,2,5,2,4,4,5,1,4,1,2,2,4,3,4,1,3,5,1,5,1,3,1,5,4,4,3,5,2,5,3,4,5,5,1,3,5,3,5,1,4,4,5,1,5,2,5,1,5,5,4,3,4,1,3,2,4,3,5,2,3,33,40,32,16,41,37,44,39,17,37,1.05781618683471,1.25593765853573,-0.275430473015634,-1.41757279180898,0.642363320323897,1.35227482598921,1.48175887249828,0.423438573246146,-0.878658337669079,-0.480234657685128,0,5
"BD18M","2023/24",3,2,3,3,2,3,4,3,3,1,3,4,4,4,2,2,3,4,4,2,2,4,4,3,2,2,2,4,4,3,2,4,3,2,2,4,4,2,5,2,3,4,2,2,4,4,4,3,1,2,4,4,1,1,3,5,4,4,4,2,4,5,5,5,2,5,4,3,2,1,2,4,4,4,3,4,4,1,2,4,4,2,5,3,4,3,4,2,25,31,27,30,23,25,29,25,34,28,-0.315489038178771,-0.474316881681047,-1.21654514994238,0.807509123751473,-2.20178080372139,-0.703772457122446,-1.1598432069076,-2.18018372836653,1.87215123036025,-2.08165461179848,0,5
"JI11P","2023/24",3,3,4,2,2,2,5,4,3,5,3,2,5,5,3,4,3,1,4,3,4,1,5,3,4,2,4,5,5,5,4,5,5,3,2,5,3,4,3,3,1,5,3,4,3,1,4,1,3,4,5,2,3,4,3,2,4,2,4,4,4,2,3,3,4,3,3,4,4,4,1,4,2,5,2,5,4,3,3,4,2,3,3,4,2,3,2,5,25,31,34,28,38,26,38,34,19,39,-0.315489038178771,-0.474316881681047,0.101015397755067,0.489640278671408,0.168339299649682,-0.532435183529808,0.425118040735928,-0.506426534472665,-0.555033682606805,-0.124363556771051,0,5
"MI23SG","2023/24",3,3,3,2,4,2,4,4,4,4,3,2,3,3,3,4,3,2,3,4,5,4,3,4,4,3,3,3,4,5,4,5,4,4,2,3,2,3,2,4,2,4,2,4,4,3,4,1,4,2,4,4,3,2,3,2,3,2,4,4,1,2,2,3,4,2,3,2,4,4,3,4,2,4,1,5,4,3,4,3,1,3,2,4,4,4,2,3,23,34,29,20,40,29,31,31,19,32,-0.658815344432141,0.102434631724543,-0.840099279171684,-0.781835101648852,0.484355313432492,-0.018423362751895,-0.807629596320152,-1.06434559910395,-0.555033682606805,-1.36991240997032,0,5
"UR05M","2023/24",4,3,4,1,4,2,4,4,5,5,5,4,4,3,4,4,4,2,2,2,2,4,1,2,4,5,3,4,4,4,2,4,4,5,2,4,3,4,1,4,2,3,3,2,4,2,4,1,4,2,3,2,4,5,4,2,4,2,5,5,4,2,2,4,3,4,3,4,4,5,4,4,3,4,1,4,5,4,2,4,3,5,2,4,2,4,1,4,34,30,34,17,37,34,32,38,16,42,1.22947933996139,-0.666567386149578,0.101015397755067,-1.25863836926895,0.0103312927582775,0.838263005211293,-0.631522791026426,0.237465551702384,-1.04047066520022,0.409443094600066,0,5
"ET18M","2023/24",2,2,5,3,3,4,4,2,2,2,2,1,5,4,4,4,1,2,4,4,5,2,3,2,4,2,2,5,3,5,4,5,5,3,4,3,3,5,4,4,1,2,4,3,3,2,5,3,4,2,4,2,4,4,3,2,5,5,3,3,1,3,2,4,5,5,2,3,3,4,2,5,4,5,4,5,5,3,5,3,2,5,4,2,1,3,3,4,18,30,38,29,36,23,34,39,26,35,-1.51713111006557,-0.666567386149578,0.853907139296467,0.648574701211441,-0.147676714133127,-1.04644700430772,-0.279309180438975,0.423438573246146,0.577652610111154,-0.836105758599206,0,5
"MJ20M","2023/24",4,2,4,2,3,3,4,3,4,5,2,2,4,3,5,4,2,4,4,5,4,2,4,3,4,2,2,3,3,5,4,5,4,4,4,2,1,3,4,4,1,4,3,4,3,1,4,2,4,3,5,2,3,5,3,1,4,1,4,4,4,5,2,4,3,1,3,4,4,4,1,3,4,5,2,5,5,3,2,3,2,3,3,4,1,3,2,5,21,34,28,23,42,27,37,31,20,44,-1.00214165068551,0.102434631724543,-1.02832221455703,-0.305031834028755,0.800371327215301,-0.36109790993717,0.249011235442202,-1.06434559910395,-0.393221355075668,0.765314195514143,0,5
"SJ07P","2023/24",5,3,5,1,4,1,5,4,4,5,5,3,5,4,5,5,4,1,2,4,4,4,2,4,5,5,2,4,4,4,2,5,5,5,4,4,2,5,2,3,2,4,1,5,5,2,5,1,3,1,4,3,5,5,4,2,5,2,5,5,5,1,1,3,3,1,1,3,5,5,1,5,3,4,1,5,5,5,5,5,2,5,1,5,3,4,1,5,35,36,40,18,41,37,36,43,13,39,1.40114249308808,0.486935640661604,1.23035301006717,-1.09970394672892,0.642363320323897,1.35227482598921,0.0729044301484766,1.1673306594212,-1.52590764779363,-0.124363556771051,0,5
"MM08M","2023/24",4,2,4,3,2,2,4,4,4,4,5,1,4,3,2,3,5,4,4,3,5,5,3,4,3,3,1,2,4,4,3,4,4,3,3,5,3,3,2,4,3,5,3,2,5,1,4,1,4,1,5,4,5,4,5,1,4,2,3,3,5,2,1,3,1,5,2,5,4,5,1,2,1,3,1,5,4,5,4,5,1,2,1,3,4,5,1,3,28,40,27,23,30,38,45,31,9,31,0.199500421201284,1.25593765853573,-1.21654514994238,-0.305031834028755,-1.09572475548156,1.52361209958184,1.65786567779201,-1.06434559910395,-2.17315695791818,-1.54784796042736,0,5
"MM13P","2023/24",3,3,4,2,3,4,4,2,2,3,3,1,4,4,4,3,3,1,5,3,5,4,2,3,3,2,1,4,2,5,4,5,4,3,4,4,1,4,5,4,3,4,3,3,2,1,5,2,2,4,4,4,1,2,2,1,5,2,4,2,5,1,5,2,5,5,4,5,3,2,1,4,1,2,4,5,4,2,5,3,1,4,5,2,5,3,2,2,20,38,36,28,33,16,42,35,25,21,-1.1738048038122,0.871436649598665,0.477461268525767,0.489640278671408,-0.621700734807342,-2.24580791945618,1.12954526191083,-0.320453512928903,0.415840282580017,-3.32720346499775,0,5
"MM30M","2023/24",3,2,4,3,4,4,4,5,3,5,4,3,4,4,4,4,5,3,4,5,5,3,4,2,4,2,1,4,5,5,4,4,4,3,5,4,2,4,4,4,2,3,5,5,2,1,4,1,3,2,5,4,3,4,5,1,4,2,5,5,4,2,3,4,4,4,2,4,4,4,1,5,3,5,3,5,5,3,2,4,1,5,2,4,2,5,2,5,22,35,27,30,41,29,43,37,19,42,-0.830478497558826,0.294685136193074,-1.21654514994238,0.807509123751473,0.642363320323897,-0.018423362751895,1.30565206720456,0.0514925301586218,-0.555033682606805,0.409443094600066,0,5
"MT17M","2023/24",4,3,5,4,3,2,5,2,1,4,3,2,5,5,4,4,4,4,5,3,4,4,3,1,3,3,2,4,5,5,4,5,5,1,4,3,2,4,5,3,3,5,4,4,3,2,3,4,4,3,5,4,2,4,2,4,5,3,5,4,4,4,5,4,4,4,4,3,3,2,4,4,3,5,4,5,4,2,5,4,3,5,2,4,4,5,3,5,25,38,34,39,34,22,34,30,28,37,-0.315489038178771,0.871436649598665,0.101015397755067,2.23791892661177,-0.463692727915937,-1.21778427790036,-0.279309180438975,-1.25031862064771,0.901277265173428,-0.480234657685128,0,5
"SS06B","2023/24",4,2,4,1,3,1,4,2,4,2,3,2,5,3,4,3,2,1,4,3,5,1,1,3,4,5,2,5,2,3,1,4,5,4,5,3,2,5,3,5,4,3,1,1,4,2,5,1,5,1,5,1,5,5,5,1,5,2,5,5,5,1,2,4,3,2,1,5,5,5,3,5,3,4,1,4,5,4,2,2,2,5,2,5,2,4,1,3,29,30,43,20,28,34,36,45,14,44,0.371163574327968,-0.666567386149578,1.79502181622322,-0.781835101648852,-1.41174076926437,0.838263005211293,0.0729044301484766,1.53927670250872,-1.36409532026249,0.765314195514143,0,5
"UM30M","2023/24",3,2,4,3,4,3,5,4,3,3,3,2,5,4,4,4,2,2,4,4,3,3,3,2,4,4,1,4,4,3,3,5,4,3,3,2,2,4,4,5,2,4,3,3,5,2,5,4,4,4,5,1,3,3,3,1,5,4,4,3,2,2,4,1,4,1,1,2,4,5,2,4,5,4,4,5,5,4,4,3,3,4,2,4,2,4,2,4,25,36,33,29,37,25,33,41,28,34,-0.315489038178771,0.486935640661604,-0.0872075376302835,0.648574701211441,0.0103312927582775,-0.703772457122446,-0.4554159857327,0.795384616333671,0.901277265173428,-1.01404130905624,0,5
"LZ04P","2023/24",2,3,4,4,2,5,1,3,1,1,1,4,3,4,5,2,1,3,3,2,2,1,5,1,2,2,5,4,5,3,5,3,3,2,4,1,4,3,4,2,3,1,5,3,3,4,4,5,2,5,2,4,1,1,1,4,2,4,4,2,1,2,5,3,4,4,4,2,2,2,5,5,4,4,4,3,2,4,1,1,4,1,4,3,2,2,3,4,14,15,25,34,25,14,19,25,33,32,-2.20378372257231,-3.55032495317753,-1.59299102071308,1.4432468139116,-1.88576478993858,-2.58848246664146,-2.92091125984486,-2.18018372836653,1.71033890282911,-1.36991240997032,0,5
"NR12NM","2023/24",4,5,4,5,4,3,4,2,1,4,3,3,4,4,4,2,1,4,5,4,4,2,3,1,4,1,2,2,3,5,4,5,5,1,5,3,2,2,5,5,1,3,4,5,3,3,5,5,5,5,5,3,3,4,4,1,5,4,5,4,3,4,4,3,4,4,3,4,4,3,3,4,4,4,4,5,5,4,3,3,3,3,3,4,4,4,4,5,20,27,28,37,41,22,35,32,27,39,-1.1738048038122,-1.24331889955517,-1.02832221455703,1.9200500815317,0.642363320323897,-1.21778427790036,-0.103202375145249,-0.87837257756019,0.739464937642291,-0.124363556771051,0,5
